mean_fit_time,mean_score_time,mean_test_score,mean_train_score,param_MLP__activation,param_MLP__alpha,param_MLP__hidden_layer_sizes,params,rank_test_score,split0_test_score,split0_train_score,split1_test_score,split1_train_score,split2_test_score,split2_train_score,split3_test_score,split3_train_score,split4_test_score,split4_train_score,std_fit_time,std_score_time,std_test_score,std_train_score
0.12140703201293945,0.0012000560760498046,0.5094989427198612,0.5108390734055847,relu,10.0,"(10,)","{'MLP__activation': 'relu', 'MLP__alpha': 10.0, 'MLP__hidden_layer_sizes': (10,)}",39,0.5,0.5029684531546846,0.5,0.5063931106889311,0.4981751824817517,0.5127862213778622,0.5502838605028385,0.5261572694771339,0.4990875912408759,0.5058903123293113,0.011271752638255987,0.000400018706226792,0.020390614813343453,0.00830231292971015
0.3170180797576904,0.0010001182556152344,0.6127220865906123,0.6091491105991442,relu,10.0,"(5,)","{'MLP__activation': 'relu', 'MLP__alpha': 10.0, 'MLP__hidden_layer_sizes': (5,)}",13,0.71984119155652,0.6675582441755825,0.49726277372262767,0.5059369063093692,0.49908759124087587,0.505024497550245,0.6926196269261963,0.679235562838274,0.6550081103000811,0.6879903421222504,0.1391294936124271,1.784161275279017e-07,0.09581993499188482,0.08489331141807971
0.043402481079101565,0.0010000228881835937,0.5252073632324898,0.5314658160034337,relu,10.0,"(20,)","{'MLP__activation': 'relu', 'MLP__alpha': 10.0, 'MLP__hidden_layer_sizes': (20,)}",37,0.5540540540540542,0.5159827767223277,0.5,0.5262567493250676,0.5062142434405208,0.5550257474252576,0.5407542579075426,0.5126930334177466,0.5250405515004055,0.5473707731267689,0.006020344726750101,1.1680077279964343e-07,0.02035199229884552,0.01689564604710683
0.10020570755004883,0.001200103759765625,0.5011314673261453,0.5037405910769468,relu,10.0,"(10, 10)","{'MLP__activation': 'relu', 'MLP__alpha': 10.0, 'MLP__hidden_layer_sizes': (10, 10)}",56,0.4981751824817518,0.5070805419458054,0.4936131386861314,0.5082210528947105,0.5,0.5,0.5138888888888888,0.5,0.5,0.5034013605442177,0.013615425917833256,0.0004001140736550456,0.006789025057300768,0.003444675034630464
0.0944054126739502,0.0008000373840332031,0.5,0.4999543795620438,relu,10.0,"(5, 5)","{'MLP__activation': 'relu', 'MLP__alpha': 10.0, 'MLP__hidden_layer_sizes': (5, 5)}",59,0.5,0.5,0.5,0.5,0.5,0.499771897810219,0.5,0.5,0.5,0.5,0.0030725801490358567,0.000400018706226792,0.0,9.12408759123906e-05
0.11440658569335938,0.0014000415802001953,0.5,0.5,relu,10.0,"(20, 20)","{'MLP__activation': 'relu', 'MLP__alpha': 10.0, 'MLP__hidden_layer_sizes': (20, 20)}",59,0.5,0.5,0.5,0.5,0.5,0.5,0.5,0.5,0.5,0.5,0.013633135576155883,0.0004899403160383116,0.0,0.0
0.15320882797241211,0.001199960708618164,0.5,0.5,relu,10.0,"(10, 10, 10)","{'MLP__activation': 'relu', 'MLP__alpha': 10.0, 'MLP__hidden_layer_sizes': (10, 10, 10)}",59,0.5,0.5,0.5,0.5,0.5,0.5,0.5,0.5,0.5,0.5,0.014635085864280233,0.0004000663757324219,0.0,0.0
0.2724155426025391,0.0016001224517822265,0.5,0.5,relu,10.0,"(5, 5, 5)","{'MLP__activation': 'relu', 'MLP__alpha': 10.0, 'MLP__hidden_layer_sizes': (5, 5, 5)}",59,0.5,0.5,0.5,0.5,0.5,0.5,0.5,0.5,0.5,0.5,0.019232367268195754,0.0007999420166015626,0.0,0.0
0.08680491447448731,0.001600170135498047,0.5,0.5,relu,10.0,"(20, 20, 20)","{'MLP__activation': 'relu', 'MLP__alpha': 10.0, 'MLP__hidden_layer_sizes': (20, 20, 20)}",59,0.5,0.5,0.5,0.5,0.5,0.5,0.5,0.5,0.5,0.5,0.004166860793485368,0.0004899987222241536,0.0,0.0
0.13000736236572266,0.0012001991271972656,0.5015346932444779,0.5003190582302314,relu,3.1622776601683795,"(10,)","{'MLP__activation': 'relu', 'MLP__alpha': 3.1622776601683795, 'MLP__hidden_layer_sizes': (10,)}",55,0.5,0.499771897810219,0.48722627737226276,0.5089147335266474,0.49908759124087587,0.49931569343065696,0.5213909164639091,0.4935929663836337,0.5,0.5,0.016793935665426595,0.0003998279713702896,0.01104027136168574,0.004909864945817062
0.3444197654724121,0.0012000560760498046,0.6346631916508131,0.6340607265804031,relu,3.1622776601683795,"(5,)","{'MLP__activation': 'relu', 'MLP__alpha': 3.1622776601683795, 'MLP__hidden_layer_sizes': (5,)}",12,0.7180163740382718,0.6604839516048395,0.5143026237916748,0.5788358664133587,0.6025103570724007,0.5793014448555145,0.6790348742903488,0.6659528775013654,0.6595701540957016,0.6857294925269377,0.09838761119483036,0.000400018706226792,0.07080980591633944,0.045680021017925426
0.05200304985046387,0.0012000560760498046,0.5333498492461761,0.5321730709582103,relu,3.1622776601683795,"(20,)","{'MLP__activation': 'relu', 'MLP__alpha': 3.1622776601683795, 'MLP__hidden_layer_sizes': (20,)}",25,0.5540540540540542,0.5093615638436158,0.5,0.5232882961703831,0.5062142434405208,0.5527416008399161,0.5815085158150851,0.5305920725954614,0.5250405515004055,0.5448818213416752,0.00936001114447094,0.000400018706226792,0.030543824776135292,0.015403768327889542
0.09960575103759765,0.0012000083923339843,0.5,0.5,relu,3.1622776601683795,"(10, 10)","{'MLP__activation': 'relu', 'MLP__alpha': 3.1622776601683795, 'MLP__hidden_layer_sizes': (10, 10)}",59,0.5,0.5,0.5,0.5,0.5,0.5,0.5,0.5,0.5,0.5,0.003498750985009609,0.00039992333879854,0.0,0.0
0.08780512809753419,0.0010000228881835937,0.4998173933889539,0.499771897810219,relu,3.1622776601683795,"(5, 5)","{'MLP__activation': 'relu', 'MLP__alpha': 3.1622776601683795, 'MLP__hidden_layer_sizes': (5, 5)}",172,0.5,0.499771897810219,0.5,0.499771897810219,0.49908759124087587,0.49954379562043805,0.5,0.5,0.5,0.4997718978102189,0.007194836821938338,1.1680077279964343e-07,0.00036505711470216195,0.00014426449179597402
0.08380484580993652,0.0011999130249023438,0.5021567321358682,0.5014161083891611,relu,3.1622776601683795,"(20, 20)","{'MLP__activation': 'relu', 'MLP__alpha': 3.1622776601683795, 'MLP__hidden_layer_sizes': (20, 20)}",42,0.5107762872361412,0.5070805419458054,0.5,0.5,0.5,0.5,0.5,0.5,0.5,0.5,0.011720703005992773,0.0003999710083007813,0.00431162051688749,0.0028322167783221717
0.11660656929016114,0.001200103759765625,0.499635411074014,0.499771897810219,relu,3.1622776601683795,"(10, 10, 10)","{'MLP__activation': 'relu', 'MLP__alpha': 3.1622776601683795, 'MLP__hidden_layer_sizes': (10, 10, 10)}",204,0.5,0.5,0.5,0.5,0.5,0.5,0.4981751824817517,0.4988594890510949,0.5,0.5,0.010229877334590437,0.00039999486081696955,0.0007296459238198627,0.0004562043795620419
0.30981764793395994,0.0010001659393310547,0.5,0.4999543795620438,relu,3.1622776601683795,"(5, 5, 5)","{'MLP__activation': 'relu', 'MLP__alpha': 3.1622776601683795, 'MLP__hidden_layer_sizes': (5, 5, 5)}",59,0.5,0.5,0.5,0.499771897810219,0.5,0.5,0.5,0.5,0.5,0.5,0.01677481113955809,0.0,0.0,9.12408759123906e-05
0.1084061622619629,0.002000093460083008,0.5,0.5,relu,3.1622776601683795,"(20, 20, 20)","{'MLP__activation': 'relu', 'MLP__alpha': 3.1622776601683795, 'MLP__hidden_layer_sizes': (20, 20, 20)}",59,0.5,0.5,0.5,0.5,0.5,0.5,0.5,0.5,0.5,0.5,0.016281011420624516,0.0006324096921322909,0.0,0.0
0.13760805130004883,0.001400136947631836,0.49780872066744747,0.49981939306069395,relu,1.0,"(10,)","{'MLP__activation': 'relu', 'MLP__alpha': 1.0, 'MLP__hidden_layer_sizes': (10,)}",234,0.5,0.49931569343065696,0.48905109489051085,0.5006936806319369,0.5,0.49954379562043805,0.5,0.4997718978102189,0.5,0.4997718978102189,0.015134971983015048,0.0004899597886342959,0.004380685376425788,0.00046873395892344243
0.28221607208251953,0.0006000041961669922,0.6534948793433601,0.653378850040166,relu,1.0,"(5,)","{'MLP__activation': 'relu', 'MLP__alpha': 1.0, 'MLP__hidden_layer_sizes': (5,)}",8,0.7152791477608996,0.6645960403959604,0.6036447030972578,0.6713547395260474,0.6025103570724007,0.5783890360963905,0.6892741281427414,0.6691059635533044,0.6568329278183294,0.6834484706291275,0.11285943644954648,0.0004899013824479931,0.045161532617785174,0.03801040473193638
0.04600257873535156,0.0016000747680664062,0.5333498492461761,0.5327621021911415,relu,1.0,"(20,)","{'MLP__activation': 'relu', 'MLP__alpha': 1.0, 'MLP__hidden_layer_sizes': (20,)}",25,0.5540540540540542,0.5093615638436158,0.5,0.5232882961703831,0.5062142434405208,0.5527416008399161,0.5815085158150851,0.5339934331396792,0.5250405515004055,0.5444256169621132,0.002529978045631658,0.0004898235152673564,0.030543824776135292,0.01532365696853639
0.09860568046569824,0.001000213623046875,0.4998173933889539,0.4998631386861314,relu,1.0,"(10, 10)","{'MLP__activation': 'relu', 'MLP__alpha': 1.0, 'MLP__hidden_layer_sizes': (10, 10)}",172,0.5,0.5,0.49908759124087587,0.5,0.5,0.499771897810219,0.5,0.4997718978102189,0.5,0.4997718978102189,0.009069166694966565,9.536743164062499e-08,0.00036505711470216195,0.00011174679483501302
0.08740496635437012,0.0010000228881835937,0.49926957355581575,0.49963503649635044,relu,1.0,"(5, 5)","{'MLP__activation': 'relu', 'MLP__alpha': 1.0, 'MLP__hidden_layer_sizes': (5, 5)}",215,0.49908759124087587,0.49931569343065696,0.4981751824817518,0.499771897810219,0.49908759124087587,0.49954379562043805,0.5,0.5,0.5,0.49954379562043794,0.005389196506470555,1.9073486328124998e-07,0.0006827506411499975,0.000232619503357328
0.08880510330200195,0.001200103759765625,0.5021567321358682,0.5014617288271173,relu,1.0,"(20, 20)","{'MLP__activation': 'relu', 'MLP__alpha': 1.0, 'MLP__hidden_layer_sizes': (20, 20)}",42,0.5107762872361412,0.5073086441355864,0.5,0.5,0.5,0.5,0.5,0.5,0.5,0.5,0.004166796701704081,0.00039999486081696955,0.00431162051688749,0.0029234576542345623
0.1324075222015381,0.0010001182556152344,0.5,0.5,relu,1.0,"(10, 10, 10)","{'MLP__activation': 'relu', 'MLP__alpha': 1.0, 'MLP__hidden_layer_sizes': (10, 10, 10)}",59,0.5,0.5,0.5,0.5,0.5,0.5,0.5,0.5,0.5,0.5,0.015134937954681823,1.784161275279017e-07,0.0,0.0
0.3110177993774414,0.0010001182556152344,0.5051283759768068,0.5031909776709405,relu,1.0,"(5, 5, 5)","{'MLP__activation': 'relu', 'MLP__alpha': 1.0, 'MLP__hidden_layer_sizes': (5, 5, 5)}",40,0.49452554744525545,0.5057119288071193,0.5062142434405208,0.5025153734626538,0.516990530676662,0.4984095340465954,0.5079075425790754,0.5093180520383336,0.5,0.5,0.05782373620946022,9.536743164062499e-08,0.007595694675634914,0.003934392395530797
0.09600539207458496,0.0012001514434814454,0.5,0.5,relu,1.0,"(20, 20, 20)","{'MLP__activation': 'relu', 'MLP__alpha': 1.0, 'MLP__hidden_layer_sizes': (20, 20, 20)}",59,0.5,0.5,0.5,0.5,0.5,0.5,0.5,0.5,0.5,0.5,0.005621641934448539,0.0003999710367245498,0.0,0.0
0.11020641326904297,0.0014000892639160155,0.4979913272784935,0.49844953004699527,relu,0.31622776601683794,"(10,)","{'MLP__activation': 'relu', 'MLP__alpha': 0.31622776601683794, 'MLP__hidden_layer_sizes': (10,)}",233,0.5,0.49931569343065696,0.48996350364963503,0.49384436556344363,0.5,0.49954379562043805,0.5,0.4997718978102189,0.5,0.4997718978102189,0.008841266407691322,0.0004899013824479931,0.004015628261723604,0.0023087879536852203
0.3046173095703125,0.0010000705718994141,0.6663942364068596,0.6527203827236324,relu,0.31622776601683794,"(5,)","{'MLP__activation': 'relu', 'MLP__alpha': 0.31622776601683794, 'MLP__hidden_layer_sizes': (5,)}",1,0.7161915565200236,0.6586591340865914,0.6228052870388637,0.6443918108189182,0.669560071019925,0.6517223277672234,0.6901865369018654,0.6695621679328665,0.6332116788321168,0.6392664730125627,0.05480677935052446,1.1680077279964343e-07,0.0348087355245069,0.010679732271612875
0.051002788543701175,0.0012001514434814454,0.5333498492461761,0.5327621021911415,relu,0.31622776601683794,"(20,)","{'MLP__activation': 'relu', 'MLP__alpha': 0.31622776601683794, 'MLP__hidden_layer_sizes': (20,)}",25,0.5540540540540542,0.5093615638436158,0.5,0.5232882961703831,0.5062142434405208,0.5527416008399161,0.5815085158150851,0.5339934331396792,0.5250405515004055,0.5444256169621132,0.001673341257887862,0.0003999710083007812,0.030543824776135292,0.01532365696853639
0.11640663146972656,0.001400136947631836,0.4996347867779079,0.49972627737226283,relu,0.31622776601683794,"(10, 10)","{'MLP__activation': 'relu', 'MLP__alpha': 0.31622776601683794, 'MLP__hidden_layer_sizes': (10, 10)}",205,0.5,0.499771897810219,0.4981751824817518,0.5,0.5,0.499771897810219,0.5,0.49954379562043794,0.5,0.49954379562043794,0.019876772300651487,0.0004898624643296147,0.0007301142294043017,0.00017069604866670792
0.08440489768981933,0.0012000083923339843,0.49926957355581575,0.49963503649635044,relu,0.31622776601683794,"(5, 5)","{'MLP__activation': 'relu', 'MLP__alpha': 0.31622776601683794, 'MLP__hidden_layer_sizes': (5, 5)}",215,0.49908759124087587,0.49931569343065696,0.4981751824817518,0.499771897810219,0.49908759124087587,0.49954379562043805,0.5,0.5,0.5,0.49954379562043794,0.010613812100479668,0.0004000425445315194,0.0006827506411499975,0.000232619503357328
0.09380531311035156,0.0014000892639160155,0.5021567321358682,0.5014617288271173,relu,0.31622776601683794,"(20, 20)","{'MLP__activation': 'relu', 'MLP__alpha': 0.31622776601683794, 'MLP__hidden_layer_sizes': (20, 20)}",42,0.5107762872361412,0.5073086441355864,0.5,0.5,0.5,0.5,0.5,0.5,0.5,0.5,0.0097454099128885,0.0004899013824479931,0.00431162051688749,0.0029234576542345623
0.1304074764251709,0.001199960708618164,0.5,0.4999543795620438,relu,0.31622776601683794,"(10, 10, 10)","{'MLP__activation': 'relu', 'MLP__alpha': 0.31622776601683794, 'MLP__hidden_layer_sizes': (10, 10, 10)}",59,0.5,0.5,0.5,0.499771897810219,0.5,0.5,0.5,0.5,0.5,0.5,0.0130790794227044,0.0004000663757324219,0.0,9.12408759123906e-05
0.24801411628723144,0.0014000892639160155,0.5027984335424572,0.5030674611110318,relu,0.31622776601683794,"(5, 5, 5)","{'MLP__activation': 'relu', 'MLP__alpha': 0.31622776601683794, 'MLP__hidden_layer_sizes': (5, 5, 5)}",41,0.49452554744525545,0.5020591690830917,0.5034770171631485,0.503202804719528,0.517902939435786,0.49863763623637636,0.4958434712084347,0.5111428695565818,0.5022303325223033,0.5002948259595809,0.04475946633753181,0.0008000850748536953,0.008317388164872526,0.0043256917682980315
0.08160467147827148,0.0014000892639160155,0.5,0.5,relu,0.31622776601683794,"(20, 20, 20)","{'MLP__activation': 'relu', 'MLP__alpha': 0.31622776601683794, 'MLP__hidden_layer_sizes': (20, 20, 20)}",59,0.5,0.5,0.5,0.5,0.5,0.5,0.5,0.5,0.5,0.5,0.003137133463151659,0.0004899013824479931,0.0,0.0
0.11020631790161133,0.0010000228881835937,0.4998173933889539,0.49958941605839424,relu,0.1,"(10,)","{'MLP__activation': 'relu', 'MLP__alpha': 0.1, 'MLP__hidden_layer_sizes': (10,)}",172,0.5,0.49931569343065696,0.49908759124087587,0.49954379562043805,0.5,0.49954379562043805,0.5,0.4997718978102189,0.5,0.4997718978102189,0.014497792723416733,0.0006324850929980568,0.00036505711470216195,0.00017069604866664859
0.3608206272125244,0.0007999897003173828,0.6442251189111603,0.6367563541264921,relu,0.1,"(5,)","{'MLP__activation': 'relu', 'MLP__alpha': 0.1, 'MLP__hidden_layer_sizes': (5,)}",10,0.6609538370487276,0.6016929557044296,0.6003403038074571,0.6366269623037697,0.6374038271848491,0.6370894160583942,0.6910989456609894,0.6695621679328665,0.6313868613138688,0.6388102686330006,0.07166839481086504,0.0003999948608169695,0.030375484790511127,0.02149422976380924
0.04160232543945312,0.001200103759765625,0.5333498492461761,0.5327621021911415,relu,0.1,"(20,)","{'MLP__activation': 'relu', 'MLP__alpha': 0.1, 'MLP__hidden_layer_sizes': (20,)}",25,0.5540540540540542,0.5093615638436158,0.5,0.5232882961703831,0.5062142434405208,0.5527416008399161,0.5815085158150851,0.5339934331396792,0.5250405515004055,0.5444256169621132,0.0053892283611570325,0.0004001140736550456,0.030543824776135292,0.01532365696853639
0.09000520706176758,0.0010001182556152344,0.4996347867779079,0.49958941605839424,relu,0.1,"(10, 10)","{'MLP__activation': 'relu', 'MLP__alpha': 0.1, 'MLP__hidden_layer_sizes': (10, 10)}",205,0.5,0.49954379562043805,0.4981751824817518,0.5,0.5,0.49954379562043805,0.5,0.49931569343065696,0.5,0.49954379562043794,0.008075135320758122,0.0006325604884705774,0.0007301142294043017,0.0002234935896699853
0.095005464553833,0.0012000560760498046,0.49926957355581575,0.49968065693430663,relu,0.1,"(5, 5)","{'MLP__activation': 'relu', 'MLP__alpha': 0.1, 'MLP__hidden_layer_sizes': (5, 5)}",215,0.49908759124087587,0.49931569343065696,0.4981751824817518,0.499771897810219,0.49908759124087587,0.49931569343065696,0.5,0.5,0.5,0.5,0.004939914711159263,0.000400018706226792,0.0006827506411499975,0.00030941286419366185
0.08940505981445312,0.0012000560760498046,0.5021567321358682,0.5014617288271173,relu,0.1,"(20, 20)","{'MLP__activation': 'relu', 'MLP__alpha': 0.1, 'MLP__hidden_layer_sizes': (20, 20)}",42,0.5107762872361412,0.5073086441355864,0.5,0.5,0.5,0.5,0.5,0.5,0.5,0.5,0.005886009416240739,0.000400018706226792,0.00431162051688749,0.0029234576542345623
0.1148066520690918,0.0010000228881835937,0.4998173933889539,0.4999543795620438,relu,0.1,"(10, 10, 10)","{'MLP__activation': 'relu', 'MLP__alpha': 0.1, 'MLP__hidden_layer_sizes': (10, 10, 10)}",172,0.5,0.5,0.5,0.499771897810219,0.49908759124087587,0.5,0.5,0.5,0.5,0.5,0.008280554956787412,1.1680077279964342e-07,0.00036505711470216195,9.12408759123906e-05
0.25901474952697756,0.0018001079559326171,0.5007536210130286,0.5025650113560072,relu,0.1,"(5, 5, 5)","{'MLP__activation': 'relu', 'MLP__alpha': 0.1, 'MLP__hidden_layer_sizes': (5, 5, 5)}",57,0.49452554744525545,0.5020591690830917,0.5053018346813968,0.5011467603239677,0.5188153481949102,0.4981814318568144,0.484691808596918,0.5107068374795173,0.5004055150040552,0.5007308580366453,0.04149467228379206,0.0004000902282460696,0.011347274017902807,0.004269344976576394
0.0848048210144043,0.0016001224517822265,0.5,0.5,relu,0.1,"(20, 20, 20)","{'MLP__activation': 'relu', 'MLP__alpha': 0.1, 'MLP__hidden_layer_sizes': (20, 20, 20)}",59,0.5,0.5,0.5,0.5,0.5,0.5,0.5,0.5,0.5,0.5,0.004069583468330405,0.0004899597886342959,0.0,0.0
0.13360772132873536,0.0010000228881835937,0.4998173933889539,0.49958941605839424,relu,0.03162277660168379,"(10,)","{'MLP__activation': 'relu', 'MLP__alpha': 0.03162277660168379, 'MLP__hidden_layer_sizes': (10,)}",172,0.5,0.49931569343065696,0.49908759124087587,0.49954379562043805,0.5,0.49954379562043805,0.5,0.4997718978102189,0.5,0.4997718978102189,0.041274976206051056,0.0006324850929980568,0.00036505711470216195,0.00017069604866664859
0.3936225414276123,0.0008001327514648438,0.6440425123001144,0.6385281072232913,relu,0.03162277660168379,"(5,)","{'MLP__activation': 'relu', 'MLP__alpha': 0.03162277660168379, 'MLP__hidden_layer_sizes': (5,)}",11,0.6600414282896034,0.6016929557044296,0.6003403038074571,0.6398235176482352,0.6374038271848491,0.6364051094890512,0.6910989456609894,0.6695621679328665,0.6313868613138688,0.6451567853418739,0.11371062486772875,0.0004000664041494148,0.03027695152922559,0.02177184371012945
0.046202659606933594,0.0007999897003173828,0.5333498492461761,0.5327621021911415,relu,0.03162277660168379,"(20,)","{'MLP__activation': 'relu', 'MLP__alpha': 0.03162277660168379, 'MLP__hidden_layer_sizes': (20,)}",25,0.5540540540540542,0.5093615638436158,0.5,0.5232882961703831,0.5062142434405208,0.5527416008399161,0.5815085158150851,0.5339934331396792,0.5250405515004055,0.5444256169621132,0.004020202155622084,0.0003999948608169695,0.030543824776135292,0.01532365696853639
0.11420660018920899,0.0012000083923339843,0.4996347867779079,0.49958941605839424,relu,0.03162277660168379,"(10, 10)","{'MLP__activation': 'relu', 'MLP__alpha': 0.03162277660168379, 'MLP__hidden_layer_sizes': (10, 10)}",205,0.5,0.49954379562043805,0.4981751824817518,0.5,0.5,0.49954379562043805,0.5,0.49931569343065696,0.5,0.49954379562043794,0.011703697672184472,0.0004000425445315194,0.0007301142294043017,0.0002234935896699853
0.10180578231811524,0.0012000560760498046,0.49926957355581575,0.49968065693430663,relu,0.03162277660168379,"(5, 5)","{'MLP__activation': 'relu', 'MLP__alpha': 0.03162277660168379, 'MLP__hidden_layer_sizes': (5, 5)}",215,0.49908759124087587,0.49931569343065696,0.4981751824817518,0.499771897810219,0.49908759124087587,0.49931569343065696,0.5,0.5,0.5,0.5,0.011017077506204405,0.000400018706226792,0.0006827506411499975,0.00030941286419366185
0.08420472145080567,0.0012000560760498046,0.5021567321358682,0.5014617288271173,relu,0.03162277660168379,"(20, 20)","{'MLP__activation': 'relu', 'MLP__alpha': 0.03162277660168379, 'MLP__hidden_layer_sizes': (20, 20)}",42,0.5107762872361412,0.5073086441355864,0.5,0.5,0.5,0.5,0.5,0.5,0.5,0.5,0.0070544619030064315,0.000400018706226792,0.00431162051688749,0.0029234576542345623
0.11360659599304199,0.0009999275207519531,0.4998173933889539,0.4999543795620438,relu,0.03162277660168379,"(10, 10, 10)","{'MLP__activation': 'relu', 'MLP__alpha': 0.03162277660168379, 'MLP__hidden_layer_sizes': (10, 10, 10)}",172,0.5,0.5,0.5,0.499771897810219,0.49908759124087587,0.5,0.5,0.5,0.5,0.5,0.007710223028663536,0.0,0.00036505711470216195,9.12408759123906e-05
0.23301334381103517,0.001200103759765625,0.501779854137883,0.504624180439099,relu,0.03162277660168379,"(5, 5, 5)","{'MLP__activation': 'relu', 'MLP__alpha': 0.03162277660168379, 'MLP__hidden_layer_sizes': (5, 5, 5)}",54,0.4936131386861314,0.5047995200479952,0.5053018346813968,0.5009186581341867,0.5239445650029592,0.5055088241175882,0.484691808596918,0.5107068374795173,0.5013179237631792,0.5011870624162074,0.03901520371547756,0.0004001140736550456,0.013135288575147284,0.0035596834393855363
0.09180517196655273,0.001600170135498047,0.5,0.5,relu,0.03162277660168379,"(20, 20, 20)","{'MLP__activation': 'relu', 'MLP__alpha': 0.03162277660168379, 'MLP__hidden_layer_sizes': (20, 20, 20)}",59,0.5,0.5,0.5,0.5,0.5,0.5,0.5,0.5,0.5,0.5,0.0029934211848180936,0.0004899013824479931,0.0,0.0
0.1172067642211914,0.0010000705718994141,0.4998173933889539,0.49958941605839424,relu,0.01,"(10,)","{'MLP__activation': 'relu', 'MLP__alpha': 0.01, 'MLP__hidden_layer_sizes': (10,)}",172,0.5,0.49931569343065696,0.49908759124087587,0.49954379562043805,0.5,0.49954379562043805,0.5,0.4997718978102189,0.5,0.4997718978102189,0.004622003022875467,1.1680077279964343e-07,0.00036505711470216195,0.00017069604866664859
0.3706212520599365,0.001200103759765625,0.6491999152337122,0.6488486653035376,relu,0.01,"(5,)","{'MLP__activation': 'relu', 'MLP__alpha': 0.01, 'MLP__hidden_layer_sizes': (5,)}",9,0.68250641152101,0.624759399060094,0.604557111856382,0.664958504149585,0.6364914184257249,0.6364051094890512,0.6910989456609894,0.6695621679328665,0.6313868613138688,0.6485581458860916,0.08181091662578671,0.00039999486081696955,0.03267031641458225,0.016874805657005332
0.047002649307250975,0.0024001598358154297,0.5333498492461761,0.5327621021911415,relu,0.01,"(20,)","{'MLP__activation': 'relu', 'MLP__alpha': 0.01, 'MLP__hidden_layer_sizes': (20,)}",25,0.5540540540540542,0.5093615638436158,0.5,0.5232882961703831,0.5062142434405208,0.5527416008399161,0.5815085158150851,0.5339934331396792,0.5250405515004055,0.5444256169621132,0.004816932212668881,0.002800226217637726,0.030543824776135292,0.01532365696853639
0.1520087718963623,0.0014000415802001953,0.4996347867779079,0.49958941605839424,relu,0.01,"(10, 10)","{'MLP__activation': 'relu', 'MLP__alpha': 0.01, 'MLP__hidden_layer_sizes': (10, 10)}",205,0.5,0.49954379562043805,0.4981751824817518,0.5,0.5,0.49954379562043805,0.5,0.49931569343065696,0.5,0.49954379562043794,0.02136476861366075,0.0004900376480808073,0.0007301142294043017,0.0002234935896699853
0.10260567665100098,0.0010000705718994141,0.49926957355581575,0.49968065693430663,relu,0.01,"(5, 5)","{'MLP__activation': 'relu', 'MLP__alpha': 0.01, 'MLP__hidden_layer_sizes': (5, 5)}",215,0.49908759124087587,0.49931569343065696,0.4981751824817518,0.499771897810219,0.49908759124087587,0.49931569343065696,0.5,0.5,0.5,0.5,0.014445224037241423,0.0006324850929980568,0.0006827506411499975,0.00030941286419366185
0.09840569496154786,0.001200103759765625,0.5021567321358682,0.5007767973202679,relu,0.01,"(20, 20)","{'MLP__activation': 'relu', 'MLP__alpha': 0.01, 'MLP__hidden_layer_sizes': (20, 20)}",42,0.5107762872361412,0.5038839866013399,0.5,0.5,0.5,0.5,0.5,0.5,0.5,0.5,0.012940615925282289,0.0004001140736550456,0.00431162051688749,0.0015535946405359714
0.1238072395324707,0.0014000415802001953,0.4998173933889539,0.4999543795620438,relu,0.01,"(10, 10, 10)","{'MLP__activation': 'relu', 'MLP__alpha': 0.01, 'MLP__hidden_layer_sizes': (10, 10, 10)}",172,0.5,0.5,0.5,0.499771897810219,0.49908759124087587,0.5,0.5,0.5,0.5,0.5,0.016241649982715985,0.0004899403160383116,0.00036505711470216195,9.12408759123906e-05
0.24741411209106445,0.0014000892639160155,0.4985284187798977,0.5024378089401943,relu,0.01,"(5, 5, 5)","{'MLP__activation': 'relu', 'MLP__alpha': 0.01, 'MLP__hidden_layer_sizes': (5, 5, 5)}",227,0.4936131386861314,0.5013748625137486,0.49600512921680795,0.5061931306869314,0.5197277569540343,0.49886573842615733,0.484691808596918,0.5073054769352996,0.49858069748580697,0.49844983613883503,0.044462088893106745,0.0004899014056540585,0.011589006100540944,0.003676686091012288
0.08640494346618652,0.0014000892639160155,0.5,0.5,relu,0.01,"(20, 20, 20)","{'MLP__activation': 'relu', 'MLP__alpha': 0.01, 'MLP__hidden_layer_sizes': (20, 20, 20)}",59,0.5,0.5,0.5,0.5,0.5,0.5,0.5,0.5,0.5,0.5,0.007552832176034314,0.0004899013824479931,0.0,0.0
0.11600666046142578,0.0010000705718994141,0.4998173933889539,0.49958941605839424,relu,0.0031622776601683794,"(10,)","{'MLP__activation': 'relu', 'MLP__alpha': 0.0031622776601683794, 'MLP__hidden_layer_sizes': (10,)}",172,0.5,0.49931569343065696,0.49908759124087587,0.49954379562043805,0.5,0.49954379562043805,0.5,0.4997718978102189,0.5,0.4997718978102189,0.011782033381587932,1.1680077279964343e-07,0.00036505711470216195,0.00017069604866664859
0.3778215885162354,0.0012001514434814454,0.6556355644446322,0.6518208680832598,relu,0.0031622776601683794,"(5,)","{'MLP__activation': 'relu', 'MLP__alpha': 0.0031622776601683794, 'MLP__hidden_layer_sizes': (5,)}",2,0.68250641152101,0.624759399060094,0.604557111856382,0.6645022997700231,0.668647662260801,0.6517223277672234,0.6910989456609894,0.6695621679328665,0.6313868613138688,0.6485581458860916,0.032073017455867,0.0004000902282460696,0.032700205568431215,0.01561121777441617
0.03960237503051758,0.0010000228881835937,0.5333498492461761,0.5327621021911415,relu,0.0031622776601683794,"(20,)","{'MLP__activation': 'relu', 'MLP__alpha': 0.0031622776601683794, 'MLP__hidden_layer_sizes': (20,)}",25,0.5540540540540542,0.5093615638436158,0.5,0.5232882961703831,0.5062142434405208,0.5527416008399161,0.5815085158150851,0.5339934331396792,0.5250405515004055,0.5444256169621132,0.004800268015020384,0.0006324850929980568,0.030543824776135292,0.01532365696853639
0.10440597534179688,0.0010001182556152344,0.4996347867779079,0.49958941605839424,relu,0.0031622776601683794,"(10, 10)","{'MLP__activation': 'relu', 'MLP__alpha': 0.0031622776601683794, 'MLP__hidden_layer_sizes': (10, 10)}",205,0.5,0.49954379562043805,0.4981751824817518,0.5,0.5,0.49954379562043805,0.5,0.49931569343065696,0.5,0.49954379562043794,0.013351439301116078,1.784161275279017e-07,0.0007301142294043017,0.0002234935896699853
0.1116063117980957,0.0010001182556152344,0.49926957355581575,0.49968065693430663,relu,0.0031622776601683794,"(5, 5)","{'MLP__activation': 'relu', 'MLP__alpha': 0.0031622776601683794, 'MLP__hidden_layer_sizes': (5, 5)}",215,0.49908759124087587,0.49931569343065696,0.4981751824817518,0.499771897810219,0.49908759124087587,0.49931569343065696,0.5,0.5,0.5,0.5,0.005351878218353032,0.0006325604884705772,0.0006827506411499975,0.00030941286419366185
0.08320488929748535,0.0014000415802001953,0.5021567321358682,0.5007767973202679,relu,0.0031622776601683794,"(20, 20)","{'MLP__activation': 'relu', 'MLP__alpha': 0.0031622776601683794, 'MLP__hidden_layer_sizes': (20, 20)}",42,0.5107762872361412,0.5038839866013399,0.5,0.5,0.5,0.5,0.5,0.5,0.5,0.5,0.008448042153795214,0.0004899403160383116,0.00431162051688749,0.0015535946405359714
0.12040681838989258,0.0012000560760498046,0.4998173933889539,0.4999543795620438,relu,0.0031622776601683794,"(10, 10, 10)","{'MLP__activation': 'relu', 'MLP__alpha': 0.0031622776601683794, 'MLP__hidden_layer_sizes': (10, 10, 10)}",172,0.5,0.5,0.5,0.499771897810219,0.49908759124087587,0.5,0.5,0.5,0.5,0.5,0.012500378656744979,0.000748430175641352,0.00036505711470216195,9.12408759123906e-05
0.21881251335144042,0.0010000705718994141,0.4985284187798977,0.5030314995711314,relu,0.0031622776601683794,"(5, 5, 5)","{'MLP__activation': 'relu', 'MLP__alpha': 0.0031622776601683794, 'MLP__hidden_layer_sizes': (5, 5, 5)}",227,0.4936131386861314,0.5041152134786522,0.49600512921680795,0.5061931306869314,0.5197277569540343,0.49886573842615733,0.484691808596918,0.5075335791250807,0.49858069748580697,0.49844983613883503,0.01904215510199319,1.1680077279964343e-07,0.011589006100540944,0.0037358873960453938
0.08740501403808594,0.0012000083923339843,0.5,0.5,relu,0.0031622776601683794,"(20, 20, 20)","{'MLP__activation': 'relu', 'MLP__alpha': 0.0031622776601683794, 'MLP__hidden_layer_sizes': (20, 20, 20)}",59,0.5,0.5,0.5,0.5,0.5,0.5,0.5,0.5,0.5,0.5,0.010911195935736766,0.00040004254453151935,0.0,0.0
0.11740665435791016,0.0008000373840332031,0.4998173933889539,0.49958941605839424,relu,0.001,"(10,)","{'MLP__activation': 'relu', 'MLP__alpha': 0.001, 'MLP__hidden_layer_sizes': (10,)}",172,0.5,0.49931569343065696,0.49908759124087587,0.49954379562043805,0.5,0.49954379562043805,0.5,0.4997718978102189,0.5,0.4997718978102189,0.008236919111559339,0.000400018706226792,0.00036505711470216195,0.00017069604866664859
0.39942283630371095,0.0012000560760498046,0.6556355644446322,0.6518208680832598,relu,0.001,"(5,)","{'MLP__activation': 'relu', 'MLP__alpha': 0.001, 'MLP__hidden_layer_sizes': (5,)}",2,0.68250641152101,0.624759399060094,0.604557111856382,0.6645022997700231,0.668647662260801,0.6517223277672234,0.6910989456609894,0.6695621679328665,0.6313868613138688,0.6485581458860916,0.062391377495178466,0.000400018706226792,0.032700205568431215,0.01561121777441617
0.04040226936340332,0.0010001182556152344,0.5333498492461761,0.5327621021911415,relu,0.001,"(20,)","{'MLP__activation': 'relu', 'MLP__alpha': 0.001, 'MLP__hidden_layer_sizes': (20,)}",25,0.5540540540540542,0.5093615638436158,0.5,0.5232882961703831,0.5062142434405208,0.5527416008399161,0.5815085158150851,0.5339934331396792,0.5250405515004055,0.5444256169621132,0.002059217624477791,0.0006324850894031313,0.030543824776135292,0.01532365696853639
0.09040508270263672,0.0010000705718994141,0.4996347867779079,0.49958941605839424,relu,0.001,"(10, 10)","{'MLP__activation': 'relu', 'MLP__alpha': 0.001, 'MLP__hidden_layer_sizes': (10, 10)}",205,0.5,0.49954379562043805,0.4981751824817518,0.5,0.5,0.49954379562043805,0.5,0.49931569343065696,0.5,0.49954379562043794,0.008212655760548809,1.9073486328125e-07,0.0007301142294043017,0.0002234935896699853
0.09920573234558105,0.0012000560760498046,0.49926957355581575,0.49968065693430663,relu,0.001,"(5, 5)","{'MLP__activation': 'relu', 'MLP__alpha': 0.001, 'MLP__hidden_layer_sizes': (5, 5)}",215,0.49908759124087587,0.49931569343065696,0.4981751824817518,0.499771897810219,0.49908759124087587,0.49931569343065696,0.5,0.5,0.5,0.5,0.005706482246981123,0.000748366450713617,0.0006827506411499975,0.00030941286419366185
0.08140473365783692,0.001399993896484375,0.5021567321358682,0.5007767973202679,relu,0.001,"(20, 20)","{'MLP__activation': 'relu', 'MLP__alpha': 0.001, 'MLP__hidden_layer_sizes': (20, 20)}",42,0.5107762872361412,0.5038839866013399,0.5,0.5,0.5,0.5,0.5,0.5,0.5,0.5,0.0079401695478267,0.0004899792418945042,0.00431162051688749,0.0015535946405359714
0.12800731658935546,0.001199960708618164,0.4998173933889539,0.4999543795620438,relu,0.001,"(10, 10, 10)","{'MLP__activation': 'relu', 'MLP__alpha': 0.001, 'MLP__hidden_layer_sizes': (10, 10, 10)}",172,0.5,0.5,0.5,0.499771897810219,0.49908759124087587,0.5,0.5,0.5,0.5,0.5,0.01006045706911671,0.0004000663757324219,0.00036505711470216195,9.12408759123906e-05
0.26001486778259275,0.001600027084350586,0.4985284187798977,0.5030771200090876,relu,0.001,"(5, 5, 5)","{'MLP__activation': 'relu', 'MLP__alpha': 0.001, 'MLP__hidden_layer_sizes': (5, 5, 5)}",227,0.4936131386861314,0.5041152134786522,0.49600512921680795,0.5061931306869314,0.5197277569540343,0.49886573842615733,0.484691808596918,0.5075335791250807,0.49858069748580697,0.498677938328616,0.03977157462740056,0.0004899792418945042,0.011589006100540944,0.0036806445833127664
0.11500668525695801,0.0018000125885009766,0.5,0.5,relu,0.001,"(20, 20, 20)","{'MLP__activation': 'relu', 'MLP__alpha': 0.001, 'MLP__hidden_layer_sizes': (20, 20, 20)}",59,0.5,0.5,0.5,0.5,0.5,0.5,0.5,0.5,0.5,0.5,0.007563427888900422,0.0004000425445315194,0.0,0.0
0.11400671005249023,0.0013999462127685547,0.4998173933889539,0.49958941605839424,relu,0.00031622776601683794,"(10,)","{'MLP__activation': 'relu', 'MLP__alpha': 0.00031622776601683794, 'MLP__hidden_layer_sizes': (10,)}",172,0.5,0.49931569343065696,0.49908759124087587,0.49954379562043805,0.5,0.49954379562043805,0.5,0.4997718978102189,0.5,0.4997718978102189,0.009529438760104555,0.0004899208473093903,0.00036505711470216195,0.00017069604866664859
0.3462197303771973,0.0009999752044677734,0.6556355644446322,0.6518208680832598,relu,0.00031622776601683794,"(5,)","{'MLP__activation': 'relu', 'MLP__alpha': 0.00031622776601683794, 'MLP__hidden_layer_sizes': (5,)}",2,0.68250641152101,0.624759399060094,0.604557111856382,0.6645022997700231,0.668647662260801,0.6517223277672234,0.6910989456609894,0.6695621679328665,0.6313868613138688,0.6485581458860916,0.048703517903308575,0.0006324850894031313,0.032700205568431215,0.01561121777441617
0.04280242919921875,0.001200103759765625,0.5333498492461761,0.5327621021911415,relu,0.00031622776601683794,"(20,)","{'MLP__activation': 'relu', 'MLP__alpha': 0.00031622776601683794, 'MLP__hidden_layer_sizes': (20,)}",25,0.5540540540540542,0.5093615638436158,0.5,0.5232882961703831,0.5062142434405208,0.5527416008399161,0.5815085158150851,0.5339934331396792,0.5250405515004055,0.5444256169621132,0.0028567182167778594,0.00039999486081696955,0.030543824776135292,0.01532365696853639
0.09700560569763184,0.001200103759765625,0.4996347867779079,0.49958941605839424,relu,0.00031622776601683794,"(10, 10)","{'MLP__activation': 'relu', 'MLP__alpha': 0.00031622776601683794, 'MLP__hidden_layer_sizes': (10, 10)}",205,0.5,0.49954379562043805,0.4981751824817518,0.5,0.5,0.49954379562043805,0.5,0.49931569343065696,0.5,0.49954379562043794,0.005967060162954177,0.00039999486081696955,0.0007301142294043017,0.0002234935896699853
0.11860675811767578,0.0014000892639160155,0.49926957355581575,0.49968065693430663,relu,0.00031622776601683794,"(5, 5)","{'MLP__activation': 'relu', 'MLP__alpha': 0.00031622776601683794, 'MLP__hidden_layer_sizes': (5, 5)}",215,0.49908759124087587,0.49931569343065696,0.4981751824817518,0.499771897810219,0.49908759124087587,0.49931569343065696,0.5,0.5,0.5,0.5,0.023518088393875283,0.0004899987222241536,0.0006827506411499975,0.00030941286419366185
0.1336076259613037,0.00240020751953125,0.5021567321358682,0.5007767973202679,relu,0.00031622776601683794,"(20, 20)","{'MLP__activation': 'relu', 'MLP__alpha': 0.00031622776601683794, 'MLP__hidden_layer_sizes': (20, 20)}",42,0.5107762872361412,0.5038839866013399,0.5,0.5,0.5,0.5,0.5,0.5,0.5,0.5,0.029603060954056515,0.0013564661189530266,0.00431162051688749,0.0015535946405359714
0.12960739135742189,0.001400136947631836,0.4998173933889539,0.4999543795620438,relu,0.00031622776601683794,"(10, 10, 10)","{'MLP__activation': 'relu', 'MLP__alpha': 0.00031622776601683794, 'MLP__hidden_layer_sizes': (10, 10, 10)}",172,0.5,0.5,0.5,0.499771897810219,0.49908759124087587,0.5,0.5,0.5,0.5,0.5,0.016573144570618033,0.0004899597886342959,0.00036505711470216195,9.12408759123906e-05
0.2280129909515381,0.0012000560760498046,0.4985284187798977,0.5032139813229561,relu,0.00031622776601683794,"(5, 5, 5)","{'MLP__activation': 'relu', 'MLP__alpha': 0.00031622776601683794, 'MLP__hidden_layer_sizes': (5, 5, 5)}",227,0.4936131386861314,0.5045714178582142,0.49600512921680795,0.5061931306869314,0.5197277569540343,0.49886573842615733,0.484691808596918,0.5077616813148618,0.49858069748580697,0.498677938328616,0.03454464918369833,0.000400018706226792,0.011589006100540944,0.003765167789954906
0.08740501403808594,0.0009999752044677734,0.5,0.5,relu,0.00031622776601683794,"(20, 20, 20)","{'MLP__activation': 'relu', 'MLP__alpha': 0.00031622776601683794, 'MLP__hidden_layer_sizes': (20, 20, 20)}",59,0.5,0.5,0.5,0.5,0.5,0.5,0.5,0.5,0.5,0.5,0.007392318019843523,9.536743164062499e-08,0.0,0.0
0.11800680160522461,0.0008000373840332031,0.4998173933889539,0.49958941605839424,relu,0.0001,"(10,)","{'MLP__activation': 'relu', 'MLP__alpha': 0.0001, 'MLP__hidden_layer_sizes': (10,)}",172,0.5,0.49931569343065696,0.49908759124087587,0.49954379562043805,0.5,0.49954379562043805,0.5,0.4997718978102189,0.5,0.4997718978102189,0.003949952613041477,0.000400018706226792,0.00036505711470216195,0.00017069604866664859
0.3654209613800049,0.0012000083923339843,0.6556355644446322,0.6518208680832598,relu,0.0001,"(5,)","{'MLP__activation': 'relu', 'MLP__alpha': 0.0001, 'MLP__hidden_layer_sizes': (5,)}",2,0.68250641152101,0.624759399060094,0.604557111856382,0.6645022997700231,0.668647662260801,0.6517223277672234,0.6910989456609894,0.6695621679328665,0.6313868613138688,0.6485581458860916,0.06867599216721512,0.00040004254453151935,0.032700205568431215,0.01561121777441617
0.0512028694152832,0.0010000228881835937,0.5333498492461761,0.5327621021911415,relu,0.0001,"(20,)","{'MLP__activation': 'relu', 'MLP__alpha': 0.0001, 'MLP__hidden_layer_sizes': (20,)}",25,0.5540540540540542,0.5093615638436158,0.5,0.5232882961703831,0.5062142434405208,0.5527416008399161,0.5815085158150851,0.5339934331396792,0.5250405515004055,0.5444256169621132,0.012319852341810652,1.1680077279964342e-07,0.030543824776135292,0.01532365696853639
0.09880557060241699,0.001400136947631836,0.4996347867779079,0.49958941605839424,relu,0.0001,"(10, 10)","{'MLP__activation': 'relu', 'MLP__alpha': 0.0001, 'MLP__hidden_layer_sizes': (10, 10)}",205,0.5,0.49954379562043805,0.4981751824817518,0.5,0.5,0.49954379562043805,0.5,0.49931569343065696,0.5,0.49954379562043794,0.006615428872771515,0.000800061231219776,0.0007301142294043017,0.0002234935896699853
0.08820500373840331,0.0010001659393310547,0.49926957355581575,0.49968065693430663,relu,0.0001,"(5, 5)","{'MLP__activation': 'relu', 'MLP__alpha': 0.0001, 'MLP__hidden_layer_sizes': (5, 5)}",215,0.49908759124087587,0.49931569343065696,0.4981751824817518,0.499771897810219,0.49908759124087587,0.49931569343065696,0.5,0.5,0.5,0.5,0.005810589081759692,1.5078914929239175e-07,0.0006827506411499975,0.00030941286419366185
0.0886049747467041,0.0014000415802001953,0.5021567321358682,0.5014617288271173,relu,0.0001,"(20, 20)","{'MLP__activation': 'relu', 'MLP__alpha': 0.0001, 'MLP__hidden_layer_sizes': (20, 20)}",42,0.5107762872361412,0.5073086441355864,0.5,0.5,0.5,0.5,0.5,0.5,0.5,0.5,0.0043637106087254535,0.0004899403160383116,0.00431162051688749,0.0029234576542345623
0.12440705299377441,0.0014000892639160155,0.4998173933889539,0.4999543795620438,relu,0.0001,"(10, 10, 10)","{'MLP__activation': 'relu', 'MLP__alpha': 0.0001, 'MLP__hidden_layer_sizes': (10, 10, 10)}",172,0.5,0.5,0.5,0.499771897810219,0.49908759124087587,0.5,0.5,0.5,0.5,0.5,0.008114744110833256,0.0004899014056540585,0.00036505711470216195,9.12408759123906e-05
0.2204126834869385,0.0014000415802001953,0.4985284187798977,0.5032139813229561,relu,0.0001,"(5, 5, 5)","{'MLP__activation': 'relu', 'MLP__alpha': 0.0001, 'MLP__hidden_layer_sizes': (5, 5, 5)}",227,0.4936131386861314,0.5045714178582142,0.49600512921680795,0.5061931306869314,0.5197277569540343,0.49886573842615733,0.484691808596918,0.5077616813148618,0.49858069748580697,0.498677938328616,0.020829952895436047,0.0004899403160383115,0.011589006100540944,0.003765167789954906
0.08420486450195312,0.0016001224517822265,0.5,0.5,relu,0.0001,"(20, 20, 20)","{'MLP__activation': 'relu', 'MLP__alpha': 0.0001, 'MLP__hidden_layer_sizes': (20, 20, 20)}",59,0.5,0.5,0.5,0.5,0.5,0.5,0.5,0.5,0.5,0.5,0.00607972324463402,0.0004899597886342959,0.0,0.0
0.14780845642089843,0.001400136947631836,0.4998173933889539,0.49958941605839424,relu,3.1622776601683795e-05,"(10,)","{'MLP__activation': 'relu', 'MLP__alpha': 3.1622776601683795e-05, 'MLP__hidden_layer_sizes': (10,)}",172,0.5,0.49931569343065696,0.49908759124087587,0.49954379562043805,0.5,0.49954379562043805,0.5,0.4997718978102189,0.5,0.4997718978102189,0.01479813998464277,0.0004898624411217045,0.00036505711470216195,0.00017069604866664859
0.3520200252532959,0.0010000705718994141,0.6556355644446322,0.6518208680832598,relu,3.1622776601683795e-05,"(5,)","{'MLP__activation': 'relu', 'MLP__alpha': 3.1622776601683795e-05, 'MLP__hidden_layer_sizes': (5,)}",2,0.68250641152101,0.624759399060094,0.604557111856382,0.6645022997700231,0.668647662260801,0.6517223277672234,0.6910989456609894,0.6695621679328665,0.6313868613138688,0.6485581458860916,0.06141355282857514,0.0006324850929980568,0.032700205568431215,0.01561121777441617
0.04360246658325195,0.001400136947631836,0.5333498492461761,0.5327621021911415,relu,3.1622776601683795e-05,"(20,)","{'MLP__activation': 'relu', 'MLP__alpha': 3.1622776601683795e-05, 'MLP__hidden_layer_sizes': (20,)}",25,0.5540540540540542,0.5093615638436158,0.5,0.5232882961703831,0.5062142434405208,0.5527416008399161,0.5815085158150851,0.5339934331396792,0.5250405515004055,0.5444256169621132,0.00488297346481234,0.0004898624643296147,0.030543824776135292,0.01532365696853639
0.08880510330200195,0.0012000083923339843,0.4996347867779079,0.49958941605839424,relu,3.1622776601683795e-05,"(10, 10)","{'MLP__activation': 'relu', 'MLP__alpha': 3.1622776601683795e-05, 'MLP__hidden_layer_sizes': (10, 10)}",205,0.5,0.49954379562043805,0.4981751824817518,0.5,0.5,0.49954379562043805,0.5,0.49931569343065696,0.5,0.49954379562043794,0.010088319186049941,0.0007483791930950463,0.0007301142294043017,0.0002234935896699853
0.08200478553771973,0.0012000083923339843,0.49926957355581575,0.49968065693430663,relu,3.1622776601683795e-05,"(5, 5)","{'MLP__activation': 'relu', 'MLP__alpha': 3.1622776601683795e-05, 'MLP__hidden_layer_sizes': (5, 5)}",215,0.49908759124087587,0.49931569343065696,0.4981751824817518,0.499771897810219,0.49908759124087587,0.49931569343065696,0.5,0.5,0.5,0.5,0.0033468107446708037,0.0003999233672256966,0.0006827506411499975,0.00030941286419366185
0.08700509071350097,0.0014000415802001953,0.5021567321358682,0.5014617288271173,relu,3.1622776601683795e-05,"(20, 20)","{'MLP__activation': 'relu', 'MLP__alpha': 3.1622776601683795e-05, 'MLP__hidden_layer_sizes': (20, 20)}",42,0.5107762872361412,0.5073086441355864,0.5,0.5,0.5,0.5,0.5,0.5,0.5,0.5,0.0068120028581459355,0.0004899403160383116,0.00431162051688749,0.0029234576542345623
0.11720690727233887,0.0012000560760498046,0.4998173933889539,0.4999543795620438,relu,3.1622776601683795e-05,"(10, 10, 10)","{'MLP__activation': 'relu', 'MLP__alpha': 3.1622776601683795e-05, 'MLP__hidden_layer_sizes': (10, 10, 10)}",172,0.5,0.5,0.5,0.499771897810219,0.49908759124087587,0.5,0.5,0.5,0.5,0.5,0.008588798869428123,0.000400018706226792,0.00036505711470216195,9.12408759123906e-05
0.28061604499816895,0.0016001224517822265,0.4985284187798977,0.5032139813229561,relu,3.1622776601683795e-05,"(5, 5, 5)","{'MLP__activation': 'relu', 'MLP__alpha': 3.1622776601683795e-05, 'MLP__hidden_layer_sizes': (5, 5, 5)}",227,0.4936131386861314,0.5045714178582142,0.49600512921680795,0.5061931306869314,0.5197277569540343,0.49886573842615733,0.484691808596918,0.5077616813148618,0.49858069748580697,0.498677938328616,0.05808824883442695,0.0004898624411217045,0.011589006100540944,0.003765167789954906
0.09140524864196778,0.0016001224517822265,0.5,0.5,relu,3.1622776601683795e-05,"(20, 20, 20)","{'MLP__activation': 'relu', 'MLP__alpha': 3.1622776601683795e-05, 'MLP__hidden_layer_sizes': (20, 20, 20)}",59,0.5,0.5,0.5,0.5,0.5,0.5,0.5,0.5,0.5,0.5,0.006829868654122301,0.0004899597886342959,0.0,0.0
0.11880674362182617,0.001200103759765625,0.4998173933889539,0.49958941605839424,relu,1e-05,"(10,)","{'MLP__activation': 'relu', 'MLP__alpha': 1e-05, 'MLP__hidden_layer_sizes': (10,)}",172,0.5,0.49931569343065696,0.49908759124087587,0.49954379562043805,0.5,0.49954379562043805,0.5,0.4997718978102189,0.5,0.4997718978102189,0.006968949364866977,0.0004001140736550456,0.00036505711470216195,0.00017069604866664859
0.34221959114074707,0.0012000560760498046,0.6556355644446322,0.6518208680832598,relu,1e-05,"(5,)","{'MLP__activation': 'relu', 'MLP__alpha': 1e-05, 'MLP__hidden_layer_sizes': (5,)}",2,0.68250641152101,0.624759399060094,0.604557111856382,0.6645022997700231,0.668647662260801,0.6517223277672234,0.6910989456609894,0.6695621679328665,0.6313868613138688,0.6485581458860916,0.03923190299483106,0.0004001379119606201,0.032700205568431215,0.01561121777441617
0.04320240020751953,0.0014000892639160155,0.5333498492461761,0.5327621021911415,relu,1e-05,"(20,)","{'MLP__activation': 'relu', 'MLP__alpha': 1e-05, 'MLP__hidden_layer_sizes': (20,)}",25,0.5540540540540542,0.5093615638436158,0.5,0.5232882961703831,0.5062142434405208,0.5527416008399161,0.5815085158150851,0.5339934331396792,0.5250405515004055,0.5444256169621132,0.004707786503861328,0.0004899013824479931,0.030543824776135292,0.01532365696853639
0.11220645904541016,0.0014000892639160155,0.4996347867779079,0.49958941605839424,relu,1e-05,"(10, 10)","{'MLP__activation': 'relu', 'MLP__alpha': 1e-05, 'MLP__hidden_layer_sizes': (10, 10)}",205,0.5,0.49954379562043805,0.4981751824817518,0.5,0.5,0.49954379562043805,0.5,0.49931569343065696,0.5,0.49954379562043794,0.017781927085804596,0.0004899013824479931,0.0007301142294043017,0.0002234935896699853
0.10980629920959473,0.0010000705718994141,0.49926957355581575,0.49968065693430663,relu,1e-05,"(5, 5)","{'MLP__activation': 'relu', 'MLP__alpha': 1e-05, 'MLP__hidden_layer_sizes': (5, 5)}",215,0.49908759124087587,0.49931569343065696,0.4981751824817518,0.499771897810219,0.49908759124087587,0.49931569343065696,0.5,0.5,0.5,0.5,0.015792099337096945,1.1680077279964342e-07,0.0006827506411499975,0.00030941286419366185
0.09060516357421874,0.001200103759765625,0.5021567321358682,0.5014617288271173,relu,1e-05,"(20, 20)","{'MLP__activation': 'relu', 'MLP__alpha': 1e-05, 'MLP__hidden_layer_sizes': (20, 20)}",42,0.5107762872361412,0.5073086441355864,0.5,0.5,0.5,0.5,0.5,0.5,0.5,0.5,0.0069459077188457966,0.00039999486081696955,0.00431162051688749,0.0029234576542345623
0.11660666465759277,0.0007999897003173828,0.4998173933889539,0.4999543795620438,relu,1e-05,"(10, 10, 10)","{'MLP__activation': 'relu', 'MLP__alpha': 1e-05, 'MLP__hidden_layer_sizes': (10, 10, 10)}",172,0.5,0.5,0.5,0.499771897810219,0.49908759124087587,0.5,0.5,0.5,0.5,0.5,0.009047001727952295,0.0003999948608169695,0.00036505711470216195,9.12408759123906e-05
0.25061426162719724,0.0009999752044677734,0.4987107132428907,0.5032596017609123,relu,1e-05,"(5, 5, 5)","{'MLP__activation': 'relu', 'MLP__alpha': 1e-05, 'MLP__hidden_layer_sizes': (5, 5, 5)}",226,0.4936131386861314,0.5045714178582142,0.49600512921680795,0.5061931306869314,0.5197277569540343,0.49886573842615733,0.484691808596918,0.5077616813148618,0.4994931062449311,0.4989060405183971,0.03102184340330936,9.536743164062499e-08,0.011595568913561394,0.0037109218326409304
0.0912050724029541,0.0016001224517822265,0.5,0.5,relu,1e-05,"(20, 20, 20)","{'MLP__activation': 'relu', 'MLP__alpha': 1e-05, 'MLP__hidden_layer_sizes': (20, 20, 20)}",59,0.5,0.5,0.5,0.5,0.5,0.5,0.5,0.5,0.5,0.5,0.006210064491427949,0.0004898624875375237,0.0,0.0
0.06380362510681152,0.0008000373840332031,0.5005836474930071,0.5065265624798064,logistic,10.0,"(10,)","{'MLP__activation': 'logistic', 'MLP__alpha': 10.0, 'MLP__hidden_layer_sizes': (10,)}",58,0.5,0.5,0.49087591240875916,0.5267192030796921,0.4981751824817517,0.5034246575342466,0.5138888888888888,0.4997718978102189,0.5,0.5027170539748747,0.006431535404832437,0.000400018706226792,0.007451687096470821,0.010199004033119886
0.024001359939575195,0.0010000228881835937,0.5,0.5,logistic,10.0,"(5,)","{'MLP__activation': 'logistic', 'MLP__alpha': 10.0, 'MLP__hidden_layer_sizes': (5,)}",59,0.5,0.5,0.5,0.5,0.5,0.5,0.5,0.5,0.5,0.5,0.000894468993974664,1.1680077279964342e-07,0.0,0.0
0.02800164222717285,0.0014000415802001953,0.5,0.5,logistic,10.0,"(20,)","{'MLP__activation': 'logistic', 'MLP__alpha': 10.0, 'MLP__hidden_layer_sizes': (20,)}",59,0.5,0.5,0.5,0.5,0.5,0.5,0.5,0.5,0.5,0.5,0.0018974552622178515,0.0004899403160383116,0.0,0.0
0.030201816558837892,0.001200103759765625,0.5,0.5,logistic,10.0,"(10, 10)","{'MLP__activation': 'logistic', 'MLP__alpha': 10.0, 'MLP__hidden_layer_sizes': (10, 10)}",59,0.5,0.5,0.5,0.5,0.5,0.5,0.5,0.5,0.5,0.5,0.0011662775868565146,0.00039999486081696955,0.0,0.0
0.07160410881042481,0.001399993896484375,0.5,0.5,logistic,10.0,"(5, 5)","{'MLP__activation': 'logistic', 'MLP__alpha': 10.0, 'MLP__hidden_layer_sizes': (5, 5)}",59,0.5,0.5,0.5,0.5,0.5,0.5,0.5,0.5,0.5,0.5,0.012800662965217645,0.0004899792418945042,0.0,0.0
0.07640438079833985,0.001800203323364258,0.5,0.5,logistic,10.0,"(20, 20)","{'MLP__activation': 'logistic', 'MLP__alpha': 10.0, 'MLP__hidden_layer_sizes': (20, 20)}",59,0.5,0.5,0.5,0.5,0.5,0.5,0.5,0.5,0.5,0.5,0.01303297982616864,0.000748430175641352,0.0,0.0
0.047802734375,0.0012000560760498046,0.5,0.5,logistic,10.0,"(10, 10, 10)","{'MLP__activation': 'logistic', 'MLP__alpha': 10.0, 'MLP__hidden_layer_sizes': (10, 10, 10)}",59,0.5,0.5,0.5,0.5,0.5,0.5,0.5,0.5,0.5,0.5,0.004069489726071662,0.000400018706226792,0.0,0.0
0.042402458190917966,0.0010000705718994141,0.5,0.5,logistic,10.0,"(5, 5, 5)","{'MLP__activation': 'logistic', 'MLP__alpha': 10.0, 'MLP__hidden_layer_sizes': (5, 5, 5)}",59,0.5,0.5,0.5,0.5,0.5,0.5,0.5,0.5,0.5,0.5,0.001020038602621387,1.1680077279964342e-07,0.0,0.0
0.07580437660217285,0.002200031280517578,0.5,0.5,logistic,10.0,"(20, 20, 20)","{'MLP__activation': 'logistic', 'MLP__alpha': 10.0, 'MLP__hidden_layer_sizes': (20, 20, 20)}",59,0.5,0.5,0.5,0.5,0.5,0.5,0.5,0.5,0.5,0.5,0.0046218833407957,0.00039999486081696955,0.0,0.0
0.06300373077392578,0.0012000083923339843,0.524479991714747,0.531970757005932,logistic,3.1622776601683795,"(10,)","{'MLP__activation': 'logistic', 'MLP__alpha': 3.1622776601683795, 'MLP__hidden_layer_sizes': (10,)}",38,0.5,0.5,0.506954034326297,0.55252599740026,0.5169905306766621,0.5349402559744025,0.5464314679643146,0.5321282710164358,0.5521086780210868,0.5402592606385619,0.008319071129824294,0.00040004254453151935,0.021010061353653256,0.01744814739997536
0.023401355743408202,0.0008000850677490235,0.5,0.5,logistic,3.1622776601683795,"(5,)","{'MLP__activation': 'logistic', 'MLP__alpha': 3.1622776601683795, 'MLP__hidden_layer_sizes': (5,)}",59,0.5,0.5,0.5,0.5,0.5,0.5,0.5,0.5,0.5,0.5,0.0038783472438867136,0.00040004254453151935,0.0,0.0
0.026201343536376952,0.001000213623046875,0.5,0.5,logistic,3.1622776601683795,"(20,)","{'MLP__activation': 'logistic', 'MLP__alpha': 3.1622776601683795, 'MLP__hidden_layer_sizes': (20,)}",59,0.5,0.5,0.5,0.5,0.5,0.5,0.5,0.5,0.5,0.5,0.0024822620469023386,0.0006324851073777583,0.0,0.0
0.030801677703857423,0.0014000892639160155,0.5,0.5,logistic,3.1622776601683795,"(10, 10)","{'MLP__activation': 'logistic', 'MLP__alpha': 3.1622776601683795, 'MLP__hidden_layer_sizes': (10, 10)}",59,0.5,0.5,0.5,0.5,0.5,0.5,0.5,0.5,0.5,0.5,0.0029934179991464374,0.0004899987222241536,0.0,0.0
0.05380315780639648,0.0012000560760498046,0.5,0.5,logistic,3.1622776601683795,"(5, 5)","{'MLP__activation': 'logistic', 'MLP__alpha': 3.1622776601683795, 'MLP__hidden_layer_sizes': (5, 5)}",59,0.5,0.5,0.5,0.5,0.5,0.5,0.5,0.5,0.5,0.5,0.005154094977799572,0.000400018706226792,0.0,0.0
0.04740262031555176,0.001200103759765625,0.4998173933889539,0.5011371014259118,logistic,3.1622776601683795,"(20, 20)","{'MLP__activation': 'logistic', 'MLP__alpha': 3.1622776601683795, 'MLP__hidden_layer_sizes': (20, 20)}",172,0.5,0.499771897810219,0.5,0.5029684531546846,0.49908759124087587,0.5,0.5,0.4997718978102189,0.5,0.5031732583544367,0.004223912699036961,0.0003999948608169695,0.00036505711470216195,0.001582425080025685
0.06340360641479492,0.001200103759765625,0.5,0.5,logistic,3.1622776601683795,"(10, 10, 10)","{'MLP__activation': 'logistic', 'MLP__alpha': 3.1622776601683795, 'MLP__hidden_layer_sizes': (10, 10, 10)}",59,0.5,0.5,0.5,0.5,0.5,0.5,0.5,0.5,0.5,0.5,0.006086409239220151,0.0004001140736550456,0.0,0.0
0.03740215301513672,0.0010001182556152344,0.5,0.5,logistic,3.1622776601683795,"(5, 5, 5)","{'MLP__activation': 'logistic', 'MLP__alpha': 3.1622776601683795, 'MLP__hidden_layer_sizes': (5, 5, 5)}",59,0.5,0.5,0.5,0.5,0.5,0.5,0.5,0.5,0.5,0.5,0.004630526427204172,0.0006325605064430619,0.0,0.0
0.07240400314331055,0.0020001411437988283,0.5,0.5,logistic,3.1622776601683795,"(20, 20, 20)","{'MLP__activation': 'logistic', 'MLP__alpha': 3.1622776601683795, 'MLP__hidden_layer_sizes': (20, 20, 20)}",59,0.5,0.5,0.5,0.5,0.5,0.5,0.5,0.5,0.5,0.5,0.009604603644120545,9.5367431640625e-08,0.0,0.0
0.07800440788269043,0.0012001514434814454,0.5334575140778022,0.5348168882091382,logistic,1.0,"(10,)","{'MLP__activation': 'logistic', 'MLP__alpha': 1.0, 'MLP__hidden_layer_sizes': (10,)}",24,0.5,0.5034246575342466,0.5034770171631485,0.5513761123887612,0.5098638784770172,0.528312793720628,0.5946877534468775,0.5520197129946869,0.5594079480940795,0.5389511644073688,0.005253743104644888,0.0007484046832832702,0.03740236642207014,0.017972271517966938
0.022001314163208007,0.0012000083923339843,0.5,0.5,logistic,1.0,"(5,)","{'MLP__activation': 'logistic', 'MLP__alpha': 1.0, 'MLP__hidden_layer_sizes': (5,)}",59,0.5,0.5,0.5,0.5,0.5,0.5,0.5,0.5,0.5,0.5,0.004560956644366954,0.0007483154790181155,0.0,0.0
0.03880209922790527,0.0014000892639160155,0.4998173933889539,0.4998175182481752,logistic,1.0,"(20,)","{'MLP__activation': 'logistic', 'MLP__alpha': 1.0, 'MLP__hidden_layer_sizes': (20,)}",172,0.5,0.499771897810219,0.5,0.499771897810219,0.49908759124087587,0.5,0.5,0.4997718978102189,0.5,0.4997718978102189,0.005528508050395791,0.0004899987222241536,0.00036505711470216195,9.12408759124128e-05
0.053603076934814455,0.0016000747680664062,0.5,0.5,logistic,1.0,"(10, 10)","{'MLP__activation': 'logistic', 'MLP__alpha': 1.0, 'MLP__hidden_layer_sizes': (10, 10)}",59,0.5,0.5,0.5,0.5,0.5,0.5,0.5,0.5,0.5,0.5,0.015908174646267887,0.0004899208473093904,0.0,0.0
0.05860328674316406,0.0012001514434814454,0.5,0.5,logistic,1.0,"(5, 5)","{'MLP__activation': 'logistic', 'MLP__alpha': 1.0, 'MLP__hidden_layer_sizes': (5, 5)}",59,0.5,0.5,0.5,0.5,0.5,0.5,0.5,0.5,0.5,0.5,0.005817599147033389,0.00039997103672454983,0.0,0.0
0.07100405693054199,0.001600170135498047,0.5,0.5,logistic,1.0,"(20, 20)","{'MLP__activation': 'logistic', 'MLP__alpha': 1.0, 'MLP__hidden_layer_sizes': (20, 20)}",59,0.5,0.5,0.5,0.5,0.5,0.5,0.5,0.5,0.5,0.5,0.0038988754641500565,0.0004899013824479931,0.0,0.0
0.08120455741882324,0.001800203323364258,0.5,0.5,logistic,1.0,"(10, 10, 10)","{'MLP__activation': 'logistic', 'MLP__alpha': 1.0, 'MLP__hidden_layer_sizes': (10, 10, 10)}",59,0.5,0.5,0.5,0.5,0.5,0.5,0.5,0.5,0.5,0.5,0.00823208189284989,0.000400018706226792,0.0,0.0
0.03540201187133789,0.001600027084350586,0.5,0.5,logistic,1.0,"(5, 5, 5)","{'MLP__activation': 'logistic', 'MLP__alpha': 1.0, 'MLP__hidden_layer_sizes': (5, 5, 5)}",59,0.5,0.5,0.5,0.5,0.5,0.5,0.5,0.5,0.5,0.5,0.006312279145501423,0.0008000135475042733,0.0,0.0
0.11640667915344238,0.004400300979614258,0.5,0.5,logistic,1.0,"(20, 20, 20)","{'MLP__activation': 'logistic', 'MLP__alpha': 1.0, 'MLP__hidden_layer_sizes': (20, 20, 20)}",59,0.5,0.5,0.5,0.5,0.5,0.5,0.5,0.5,0.5,0.5,0.020598199229662953,0.0048418042306146705,0.0,0.0
0.0752042293548584,0.001000213623046875,0.5364255771212553,0.5444087138905157,logistic,0.31622776601683794,"(10,)","{'MLP__activation': 'logistic', 'MLP__alpha': 0.31622776601683794, 'MLP__hidden_layer_sizes': (10,)}",14,0.5405405405405406,0.5034246575342466,0.5115160781219175,0.5698711378862115,0.5233773919905307,0.5468078192180783,0.535279805352798,0.5460021599880828,0.5714720194647201,0.5559377948259596,0.013862912538563057,9.536743164062499e-08,0.020181812549835147,0.022222701884357057
0.023801422119140624,0.0008000850677490235,0.5,0.5,logistic,0.31622776601683794,"(5,)","{'MLP__activation': 'logistic', 'MLP__alpha': 0.31622776601683794, 'MLP__hidden_layer_sizes': (5,)}",59,0.5,0.5,0.5,0.5,0.5,0.5,0.5,0.5,0.5,0.5,0.0019392560061646856,0.00040004257295020516,0.0,0.0
0.031201791763305665,0.0015999794006347657,0.4998173933889539,0.4998175182481752,logistic,0.31622776601683794,"(20,)","{'MLP__activation': 'logistic', 'MLP__alpha': 0.31622776601683794, 'MLP__hidden_layer_sizes': (20,)}",172,0.5,0.499771897810219,0.5,0.499771897810219,0.49908759124087587,0.5,0.5,0.4997718978102189,0.5,0.4997718978102189,0.004833568556393113,0.0008000493062943437,0.00036505711470216195,9.12408759124128e-05
0.043602514266967776,0.001400136947631836,0.5,0.5,logistic,0.31622776601683794,"(10, 10)","{'MLP__activation': 'logistic', 'MLP__alpha': 0.31622776601683794, 'MLP__hidden_layer_sizes': (10, 10)}",59,0.5,0.5,0.5,0.5,0.5,0.5,0.5,0.5,0.5,0.5,0.010288560149413473,0.0004898624643296147,0.0,0.0
0.061603450775146486,0.0008000850677490235,0.5,0.5,logistic,0.31622776601683794,"(5, 5)","{'MLP__activation': 'logistic', 'MLP__alpha': 0.31622776601683794, 'MLP__hidden_layer_sizes': (5, 5)}",59,0.5,0.5,0.5,0.5,0.5,0.5,0.5,0.5,0.5,0.5,0.007658144570733544,0.0004000425445315194,0.0,0.0
0.061403512954711914,0.001200246810913086,0.5,0.5,logistic,0.31622776601683794,"(20, 20)","{'MLP__activation': 'logistic', 'MLP__alpha': 0.31622776601683794, 'MLP__hidden_layer_sizes': (20, 20)}",59,0.5,0.5,0.5,0.5,0.5,0.5,0.5,0.5,0.5,0.5,0.007003324074178778,0.00040004257295020516,0.0,0.0
0.0806046962738037,0.001600027084350586,0.5,0.5,logistic,0.31622776601683794,"(10, 10, 10)","{'MLP__activation': 'logistic', 'MLP__alpha': 0.31622776601683794, 'MLP__hidden_layer_sizes': (10, 10, 10)}",59,0.5,0.5,0.5,0.5,0.5,0.5,0.5,0.5,0.5,0.5,0.005314531179024952,0.0004898819214545809,0.0,0.0
0.048002767562866214,0.0014000415802001953,0.5,0.5,logistic,0.31622776601683794,"(5, 5, 5)","{'MLP__activation': 'logistic', 'MLP__alpha': 0.31622776601683794, 'MLP__hidden_layer_sizes': (5, 5, 5)}",59,0.5,0.5,0.5,0.5,0.5,0.5,0.5,0.5,0.5,0.5,0.004195613297323088,0.0004898430110735554,0.0,0.0
0.08640508651733399,0.0022001266479492188,0.5,0.5,logistic,0.31622776601683794,"(20, 20, 20)","{'MLP__activation': 'logistic', 'MLP__alpha': 0.31622776601683794, 'MLP__hidden_layer_sizes': (20, 20, 20)}",59,0.5,0.5,0.5,0.5,0.5,0.5,0.5,0.5,0.5,0.5,0.012956083240102183,0.0004000664041494148,0.0,0.0
0.07980461120605468,0.0016000747680664062,0.5355131683621311,0.548089706335489,logistic,0.1,"(10,)","{'MLP__activation': 'logistic', 'MLP__alpha': 0.1, 'MLP__hidden_layer_sizes': (10,)}",15,0.5405405405405406,0.5034246575342466,0.5096912606036693,0.578776497350265,0.5224649832314066,0.5465797170282972,0.5343673965936739,0.551664370127613,0.5705596107055961,0.5600032896370227,0.018476974845325646,0.0004898235152673564,0.020450889931219747,0.024874233589073837
0.02700152397155762,0.0008000850677490235,0.5,0.5,logistic,0.1,"(5,)","{'MLP__activation': 'logistic', 'MLP__alpha': 0.1, 'MLP__hidden_layer_sizes': (5,)}",59,0.5,0.5,0.5,0.5,0.5,0.5,0.5,0.5,0.5,0.5,0.002966537648867548,0.00040004254453151935,0.0,0.0
0.029001665115356446,0.0016001224517822265,0.4998173933889539,0.4998175182481752,logistic,0.1,"(20,)","{'MLP__activation': 'logistic', 'MLP__alpha': 0.1, 'MLP__hidden_layer_sizes': (20,)}",172,0.5,0.499771897810219,0.5,0.499771897810219,0.49908759124087587,0.5,0.5,0.4997718978102189,0.5,0.4997718978102189,0.005253915555479565,0.001200151448217799,0.00036505711470216195,9.12408759124128e-05
0.0326019287109375,0.0010000228881835937,0.5,0.5,logistic,0.1,"(10, 10)","{'MLP__activation': 'logistic', 'MLP__alpha': 0.1, 'MLP__hidden_layer_sizes': (10, 10)}",59,0.5,0.5,0.5,0.5,0.5,0.5,0.5,0.5,0.5,0.5,0.005314392995426143,1.1680077279964343e-07,0.0,0.0
0.07140412330627441,0.0012001514434814454,0.5,0.5,logistic,0.1,"(5, 5)","{'MLP__activation': 'logistic', 'MLP__alpha': 0.1, 'MLP__hidden_layer_sizes': (5, 5)}",59,0.5,0.5,0.5,0.5,0.5,0.5,0.5,0.5,0.5,0.5,0.002416690552807102,0.00039997103672454983,0.0,0.0
0.06900410652160645,0.001399993896484375,0.5,0.5,logistic,0.1,"(20, 20)","{'MLP__activation': 'logistic', 'MLP__alpha': 0.1, 'MLP__hidden_layer_sizes': (20, 20)}",59,0.5,0.5,0.5,0.5,0.5,0.5,0.5,0.5,0.5,0.5,0.0051771872458539,0.0004899792418945042,0.0,0.0
0.07060399055480956,0.002000093460083008,0.5,0.5,logistic,0.1,"(10, 10, 10)","{'MLP__activation': 'logistic', 'MLP__alpha': 0.1, 'MLP__hidden_layer_sizes': (10, 10, 10)}",59,0.5,0.5,0.5,0.5,0.5,0.5,0.5,0.5,0.5,0.5,0.011377847631363389,0.0006324096921322909,0.0,0.0
0.03640203475952149,0.0010001182556152344,0.5,0.5,logistic,0.1,"(5, 5, 5)","{'MLP__activation': 'logistic', 'MLP__alpha': 0.1, 'MLP__hidden_layer_sizes': (5, 5, 5)}",59,0.5,0.5,0.5,0.5,0.5,0.5,0.5,0.5,0.5,0.5,0.005083526669894732,0.0006324851073777583,0.0,0.0
0.08180465698242187,0.002000093460083008,0.5,0.5,logistic,0.1,"(20, 20, 20)","{'MLP__activation': 'logistic', 'MLP__alpha': 0.1, 'MLP__hidden_layer_sizes': (20, 20, 20)}",59,0.5,0.5,0.5,0.5,0.5,0.5,0.5,0.5,0.5,0.5,0.0033108157924548218,0.0,0.0,0.0
0.07820444107055664,0.0016000747680664062,0.5349257750924872,0.5406644369576649,logistic,0.03162277660168379,"(10,)","{'MLP__activation': 'logistic', 'MLP__alpha': 0.03162277660168379, 'MLP__hidden_layer_sizes': (10,)}",16,0.5405405405405406,0.5034246575342466,0.5096912606036693,0.577864088591141,0.5224649832314066,0.5465797170282972,0.5343673965936739,0.5512081657480511,0.5676196269261963,0.5242455558865882,0.010381297145230124,0.0004898235152673564,0.019453758148375497,0.025244229692752494
0.031801700592041016,0.0012000083923339843,0.5,0.5,logistic,0.03162277660168379,"(5,)","{'MLP__activation': 'logistic', 'MLP__alpha': 0.03162277660168379, 'MLP__hidden_layer_sizes': (5,)}",59,0.5,0.5,0.5,0.5,0.5,0.5,0.5,0.5,0.5,0.5,0.004664952923051636,0.0004000425445315194,0.0,0.0
0.02740159034729004,0.0012000560760498046,0.4998173933889539,0.4998175182481752,logistic,0.03162277660168379,"(20,)","{'MLP__activation': 'logistic', 'MLP__alpha': 0.03162277660168379, 'MLP__hidden_layer_sizes': (20,)}",172,0.5,0.499771897810219,0.5,0.499771897810219,0.49908759124087587,0.5,0.5,0.4997718978102189,0.5,0.4997718978102189,0.0026533950725756714,0.00040001873464717136,0.00036505711470216195,9.12408759124128e-05
0.037202072143554685,0.0018001079559326171,0.5,0.5,logistic,0.03162277660168379,"(10, 10)","{'MLP__activation': 'logistic', 'MLP__alpha': 0.03162277660168379, 'MLP__hidden_layer_sizes': (10, 10)}",59,0.5,0.5,0.5,0.5,0.5,0.5,0.5,0.5,0.5,0.5,0.005980386341863975,0.0004000902282460696,0.0,0.0
0.07980461120605468,0.0018001079559326171,0.5,0.5,logistic,0.03162277660168379,"(5, 5)","{'MLP__activation': 'logistic', 'MLP__alpha': 0.03162277660168379, 'MLP__hidden_layer_sizes': (5, 5)}",59,0.5,0.5,0.5,0.5,0.5,0.5,0.5,0.5,0.5,0.5,0.015855276924384674,0.0007483409713765852,0.0,0.0
0.05760335922241211,0.001600027084350586,0.5,0.5,logistic,0.03162277660168379,"(20, 20)","{'MLP__activation': 'logistic', 'MLP__alpha': 0.03162277660168379, 'MLP__hidden_layer_sizes': (20, 20)}",59,0.5,0.5,0.5,0.5,0.5,0.5,0.5,0.5,0.5,0.5,0.006829783472381142,0.0004898819214545809,0.0,0.0
0.06760382652282715,0.0016001224517822265,0.5,0.5,logistic,0.03162277660168379,"(10, 10, 10)","{'MLP__activation': 'logistic', 'MLP__alpha': 0.03162277660168379, 'MLP__hidden_layer_sizes': (10, 10, 10)}",59,0.5,0.5,0.5,0.5,0.5,0.5,0.5,0.5,0.5,0.5,0.008890889795134624,0.0004898624411217045,0.0,0.0
0.036002063751220705,0.0012000560760498046,0.5,0.5,logistic,0.03162277660168379,"(5, 5, 5)","{'MLP__activation': 'logistic', 'MLP__alpha': 0.03162277660168379, 'MLP__hidden_layer_sizes': (5, 5, 5)}",59,0.5,0.5,0.5,0.5,0.5,0.5,0.5,0.5,0.5,0.5,0.002449682077429569,0.000400018706226792,0.0,0.0
0.07860450744628907,0.0018001556396484374,0.5,0.5,logistic,0.03162277660168379,"(20, 20, 20)","{'MLP__activation': 'logistic', 'MLP__alpha': 0.03162277660168379, 'MLP__hidden_layer_sizes': (20, 20, 20)}",59,0.5,0.5,0.5,0.5,0.5,0.5,0.5,0.5,0.5,0.5,0.007965313263788559,0.00074841743108988,0.0,0.0
0.06640357971191406,0.001200103759765625,0.5349257750924872,0.5412581275886017,logistic,0.01,"(10,)","{'MLP__activation': 'logistic', 'MLP__alpha': 0.01, 'MLP__hidden_layer_sizes': (10,)}",16,0.5405405405405406,0.5068493150684933,0.5096912606036693,0.577864088591141,0.5224649832314066,0.5463516148385162,0.5343673965936739,0.5512081657480511,0.5676196269261963,0.5240174536968071,0.0069747009588335155,0.000748353705076902,0.019453758148375497,0.024274062156739027
0.02560148239135742,0.0008000850677490235,0.5,0.5,logistic,0.01,"(5,)","{'MLP__activation': 'logistic', 'MLP__alpha': 0.01, 'MLP__hidden_layer_sizes': (5,)}",59,0.5,0.5,0.5,0.5,0.5,0.5,0.5,0.5,0.5,0.5,0.004030116883545891,0.00040004254453151935,0.0,0.0
0.027001571655273438,0.0012001514434814454,0.4998173933889539,0.4998175182481752,logistic,0.01,"(20,)","{'MLP__activation': 'logistic', 'MLP__alpha': 0.01, 'MLP__hidden_layer_sizes': (20,)}",172,0.5,0.499771897810219,0.5,0.499771897810219,0.49908759124087587,0.5,0.5,0.4997718978102189,0.5,0.4997718978102189,0.002190949082977238,0.0004000902282460696,0.00036505711470216195,9.12408759124128e-05
0.03500204086303711,0.001600027084350586,0.5,0.5,logistic,0.01,"(10, 10)","{'MLP__activation': 'logistic', 'MLP__alpha': 0.01, 'MLP__hidden_layer_sizes': (10, 10)}",59,0.5,0.5,0.5,0.5,0.5,0.5,0.5,0.5,0.5,0.5,0.005253842944836174,0.0004898819214545809,0.0,0.0
0.05380315780639648,0.001200103759765625,0.5,0.5,logistic,0.01,"(5, 5)","{'MLP__activation': 'logistic', 'MLP__alpha': 0.01, 'MLP__hidden_layer_sizes': (5, 5)}",59,0.5,0.5,0.5,0.5,0.5,0.5,0.5,0.5,0.5,0.5,0.00767905062963223,0.00039999486081696955,0.0,0.0
0.06060347557067871,0.001400136947631836,0.5,0.5,logistic,0.01,"(20, 20)","{'MLP__activation': 'logistic', 'MLP__alpha': 0.01, 'MLP__hidden_layer_sizes': (20, 20)}",59,0.5,0.5,0.5,0.5,0.5,0.5,0.5,0.5,0.5,0.5,0.0014968412208249775,0.0004898624643296147,0.0,0.0
0.06700382232666016,0.001200103759765625,0.5,0.5,logistic,0.01,"(10, 10, 10)","{'MLP__activation': 'logistic', 'MLP__alpha': 0.01, 'MLP__hidden_layer_sizes': (10, 10, 10)}",59,0.5,0.5,0.5,0.5,0.5,0.5,0.5,0.5,0.5,0.5,0.006099551287301221,0.0004001140736550456,0.0,0.0
0.03420200347900391,0.0012000560760498046,0.5,0.5,logistic,0.01,"(5, 5, 5)","{'MLP__activation': 'logistic', 'MLP__alpha': 0.01, 'MLP__hidden_layer_sizes': (5, 5, 5)}",59,0.5,0.5,0.5,0.5,0.5,0.5,0.5,0.5,0.5,0.5,0.0021356002993603122,0.000400018706226792,0.0,0.0
0.07660436630249023,0.0018001079559326171,0.5,0.5,logistic,0.01,"(20, 20, 20)","{'MLP__activation': 'logistic', 'MLP__alpha': 0.01, 'MLP__hidden_layer_sizes': (20, 20, 20)}",59,0.5,0.5,0.5,0.5,0.5,0.5,0.5,0.5,0.5,0.5,0.008754758112786115,0.0007484046832832702,0.0,0.0
0.09180512428283691,0.0016001224517822265,0.5349257750924872,0.5418518182195387,logistic,0.0031622776601683794,"(10,)","{'MLP__activation': 'logistic', 'MLP__alpha': 0.0031622776601683794, 'MLP__hidden_layer_sizes': (10,)}",16,0.5405405405405406,0.5068493150684933,0.5096912606036693,0.577864088591141,0.5224649832314066,0.5495481701829817,0.5343673965936739,0.55098006355827,0.5676196269261963,0.5240174536968071,0.01799429218163988,0.000800061231219776,0.019453758148375497,0.024424095064486066
0.030001735687255858,0.001199960708618164,0.5,0.5,logistic,0.0031622776601683794,"(5,)","{'MLP__activation': 'logistic', 'MLP__alpha': 0.0031622776601683794, 'MLP__hidden_layer_sizes': (5,)}",59,0.5,0.5,0.5,0.5,0.5,0.5,0.5,0.5,0.5,0.5,0.002529921498563242,0.0004000663757324219,0.0,0.0
0.0338019847869873,0.0014000892639160155,0.4998173933889539,0.4998175182481752,logistic,0.0031622776601683794,"(20,)","{'MLP__activation': 'logistic', 'MLP__alpha': 0.0031622776601683794, 'MLP__hidden_layer_sizes': (20,)}",172,0.5,0.499771897810219,0.5,0.499771897810219,0.49908759124087587,0.5,0.5,0.4997718978102189,0.5,0.4997718978102189,0.010284607251603448,0.0004899013824479931,0.00036505711470216195,9.12408759124128e-05
0.030001735687255858,0.001200103759765625,0.5,0.5,logistic,0.0031622776601683794,"(10, 10)","{'MLP__activation': 'logistic', 'MLP__alpha': 0.0031622776601683794, 'MLP__hidden_layer_sizes': (10, 10)}",59,0.5,0.5,0.5,0.5,0.5,0.5,0.5,0.5,0.5,0.5,0.0036880547663924986,0.00039999486081696955,0.0,0.0
0.05540318489074707,0.0008000373840332031,0.5,0.5,logistic,0.0031622776601683794,"(5, 5)","{'MLP__activation': 'logistic', 'MLP__alpha': 0.0031622776601683794, 'MLP__hidden_layer_sizes': (5, 5)}",59,0.5,0.5,0.5,0.5,0.5,0.5,0.5,0.5,0.5,0.5,0.007003285942777389,0.000400018706226792,0.0,0.0
0.062203598022460935,0.0014000415802001953,0.5,0.5,logistic,0.0031622776601683794,"(20, 20)","{'MLP__activation': 'logistic', 'MLP__alpha': 0.0031622776601683794, 'MLP__hidden_layer_sizes': (20, 20)}",59,0.5,0.5,0.5,0.5,0.5,0.5,0.5,0.5,0.5,0.5,0.007678935123164975,0.0004899403160383116,0.0,0.0
0.07700443267822266,0.001400136947631836,0.5,0.5,logistic,0.0031622776601683794,"(10, 10, 10)","{'MLP__activation': 'logistic', 'MLP__alpha': 0.0031622776601683794, 'MLP__hidden_layer_sizes': (10, 10, 10)}",59,0.5,0.5,0.5,0.5,0.5,0.5,0.5,0.5,0.5,0.5,0.0137557943967794,0.0004898624411217045,0.0,0.0
0.04540262222290039,0.0014000892639160155,0.5,0.5,logistic,0.0031622776601683794,"(5, 5, 5)","{'MLP__activation': 'logistic', 'MLP__alpha': 0.0031622776601683794, 'MLP__hidden_layer_sizes': (5, 5, 5)}",59,0.5,0.5,0.5,0.5,0.5,0.5,0.5,0.5,0.5,0.5,0.002727707861406759,0.0004899987222241536,0.0,0.0
0.08460493087768554,0.0018000602722167969,0.5,0.5,logistic,0.0031622776601683794,"(20, 20, 20)","{'MLP__activation': 'logistic', 'MLP__alpha': 0.0031622776601683794, 'MLP__hidden_layer_sizes': (20, 20, 20)}",59,0.5,0.5,0.5,0.5,0.5,0.5,0.5,0.5,0.5,0.5,0.011253996062515757,0.0004000663757324219,0.0,0.0
0.0718040943145752,0.0012000560760498046,0.5349257750924872,0.5417605773436261,logistic,0.001,"(10,)","{'MLP__activation': 'logistic', 'MLP__alpha': 0.001, 'MLP__hidden_layer_sizes': (10,)}",16,0.5405405405405406,0.5068493150684933,0.5096912606036693,0.5776359864013599,0.5224649832314066,0.5495481701829817,0.5343673965936739,0.5507519613684889,0.5676196269261963,0.5240174536968071,0.004833519229431084,0.000400018706226792,0.019453758148375497,0.024339890034111872
0.020801019668579102,0.001400136947631836,0.5,0.5,logistic,0.001,"(5,)","{'MLP__activation': 'logistic', 'MLP__alpha': 0.001, 'MLP__hidden_layer_sizes': (5,)}",59,0.5,0.5,0.5,0.5,0.5,0.5,0.5,0.5,0.5,0.5,0.0024820737654709826,0.0004898624643296147,0.0,0.0
0.02760157585144043,0.0009999752044677734,0.4998173933889539,0.4998175182481752,logistic,0.001,"(20,)","{'MLP__activation': 'logistic', 'MLP__alpha': 0.001, 'MLP__hidden_layer_sizes': (20,)}",172,0.5,0.499771897810219,0.5,0.499771897810219,0.49908759124087587,0.5,0.5,0.4997718978102189,0.5,0.4997718978102189,0.003382555188492073,9.536743164062499e-08,0.00036505711470216195,9.12408759124128e-05
0.03540205955505371,0.0014000415802001953,0.5,0.5,logistic,0.001,"(10, 10)","{'MLP__activation': 'logistic', 'MLP__alpha': 0.001, 'MLP__hidden_layer_sizes': (10, 10)}",59,0.5,0.5,0.5,0.5,0.5,0.5,0.5,0.5,0.5,0.5,0.005535673753775417,0.0004899403160383116,0.0,0.0
0.05980358123779297,0.0009999752044677734,0.5,0.5,logistic,0.001,"(5, 5)","{'MLP__activation': 'logistic', 'MLP__alpha': 0.001, 'MLP__hidden_layer_sizes': (5, 5)}",59,0.5,0.5,0.5,0.5,0.5,0.5,0.5,0.5,0.5,0.5,0.006524084040930479,9.536743164062499e-08,0.0,0.0
0.056203174591064456,0.0014000415802001953,0.5,0.5,logistic,0.001,"(20, 20)","{'MLP__activation': 'logistic', 'MLP__alpha': 0.001, 'MLP__hidden_layer_sizes': (20, 20)}",59,0.5,0.5,0.5,0.5,0.5,0.5,0.5,0.5,0.5,0.5,0.0075209719584171586,0.0004899403160383116,0.0,0.0
0.07200422286987304,0.001600027084350586,0.5,0.5,logistic,0.001,"(10, 10, 10)","{'MLP__activation': 'logistic', 'MLP__alpha': 0.001, 'MLP__hidden_layer_sizes': (10, 10, 10)}",59,0.5,0.5,0.5,0.5,0.5,0.5,0.5,0.5,0.5,0.5,0.005513842560229443,0.0004898819214545809,0.0,0.0
0.04760284423828125,0.001400136947631836,0.5,0.5,logistic,0.001,"(5, 5, 5)","{'MLP__activation': 'logistic', 'MLP__alpha': 0.001, 'MLP__hidden_layer_sizes': (5, 5, 5)}",59,0.5,0.5,0.5,0.5,0.5,0.5,0.5,0.5,0.5,0.5,0.0010199076809783406,0.0004898624643296147,0.0,0.0
0.08260488510131836,0.002200031280517578,0.5,0.5,logistic,0.001,"(20, 20, 20)","{'MLP__activation': 'logistic', 'MLP__alpha': 0.001, 'MLP__hidden_layer_sizes': (20, 20, 20)}",59,0.5,0.5,0.5,0.5,0.5,0.5,0.5,0.5,0.5,0.5,0.016207077860410753,0.0004001140736550456,0.0,0.0
0.06640377044677734,0.0010000228881835937,0.5349257750924872,0.54171495690567,logistic,0.00031622776601683794,"(10,)","{'MLP__activation': 'logistic', 'MLP__alpha': 0.00031622776601683794, 'MLP__hidden_layer_sizes': (10,)}",16,0.5405405405405406,0.5068493150684933,0.5096912606036693,0.577407884211579,0.5224649832314066,0.5495481701829817,0.5343673965936739,0.5507519613684889,0.5676196269261963,0.5240174536968071,0.009265361110783497,1.1680077279964343e-07,0.019453758148375497,0.024272726835358915
0.025001335144042968,0.001200103759765625,0.5,0.5,logistic,0.00031622776601683794,"(5,)","{'MLP__activation': 'logistic', 'MLP__alpha': 0.00031622776601683794, 'MLP__hidden_layer_sizes': (5,)}",59,0.5,0.5,0.5,0.5,0.5,0.5,0.5,0.5,0.5,0.5,0.004336220267413987,0.00039999486081696955,0.0,0.0
0.028601789474487306,0.001199960708618164,0.4998173933889539,0.4998175182481752,logistic,0.00031622776601683794,"(20,)","{'MLP__activation': 'logistic', 'MLP__alpha': 0.00031622776601683794, 'MLP__hidden_layer_sizes': (20,)}",172,0.5,0.499771897810219,0.5,0.499771897810219,0.49908759124087587,0.5,0.5,0.4997718978102189,0.5,0.4997718978102189,0.002577028985836378,0.0003999471771024199,0.00036505711470216195,9.12408759124128e-05
0.03360185623168945,0.0018001556396484374,0.5,0.5,logistic,0.00031622776601683794,"(10, 10)","{'MLP__activation': 'logistic', 'MLP__alpha': 0.00031622776601683794, 'MLP__hidden_layer_sizes': (10, 10)}",59,0.5,0.5,0.5,0.5,0.5,0.5,0.5,0.5,0.5,0.5,0.0016248953481839902,0.00039999486081696955,0.0,0.0
0.0570033073425293,0.0012000560760498046,0.5,0.5,logistic,0.00031622776601683794,"(5, 5)","{'MLP__activation': 'logistic', 'MLP__alpha': 0.00031622776601683794, 'MLP__hidden_layer_sizes': (5, 5)}",59,0.5,0.5,0.5,0.5,0.5,0.5,0.5,0.5,0.5,0.5,0.0016733697516894506,0.000400018706226792,0.0,0.0
0.06640372276306153,0.0018001556396484374,0.5,0.5,logistic,0.00031622776601683794,"(20, 20)","{'MLP__activation': 'logistic', 'MLP__alpha': 0.00031622776601683794, 'MLP__hidden_layer_sizes': (20, 20)}",59,0.5,0.5,0.5,0.5,0.5,0.5,0.5,0.5,0.5,0.5,0.008333529313343073,0.00039999486081696955,0.0,0.0
0.07140412330627441,0.0014000415802001953,0.5,0.5,logistic,0.00031622776601683794,"(10, 10, 10)","{'MLP__activation': 'logistic', 'MLP__alpha': 0.00031622776601683794, 'MLP__hidden_layer_sizes': (10, 10, 10)}",59,0.5,0.5,0.5,0.5,0.5,0.5,0.5,0.5,0.5,0.5,0.008114601897228438,0.0004899403160383116,0.0,0.0
0.036202192306518555,0.0010000228881835937,0.5,0.5,logistic,0.00031622776601683794,"(5, 5, 5)","{'MLP__activation': 'logistic', 'MLP__alpha': 0.00031622776601683794, 'MLP__hidden_layer_sizes': (5, 5, 5)}",59,0.5,0.5,0.5,0.5,0.5,0.5,0.5,0.5,0.5,0.5,0.0024821544583457636,1.1680077279964342e-07,0.0,0.0
0.0802046775817871,0.0018001556396484374,0.5,0.5,logistic,0.00031622776601683794,"(20, 20, 20)","{'MLP__activation': 'logistic', 'MLP__alpha': 0.00031622776601683794, 'MLP__hidden_layer_sizes': (20, 20, 20)}",59,0.5,0.5,0.5,0.5,0.5,0.5,0.5,0.5,0.5,0.5,0.0031242702810444934,0.00039999486081696955,0.0,0.0
0.07060408592224121,0.0012000083923339843,0.5349257750924872,0.54171495690567,logistic,0.0001,"(10,)","{'MLP__activation': 'logistic', 'MLP__alpha': 0.0001, 'MLP__hidden_layer_sizes': (10,)}",16,0.5405405405405406,0.5068493150684933,0.5096912606036693,0.577407884211579,0.5224649832314066,0.5495481701829817,0.5343673965936739,0.5507519613684889,0.5676196269261963,0.5240174536968071,0.00913507375092296,0.00039992333879854,0.019453758148375497,0.024272726835358915
0.024401473999023437,0.0014000892639160155,0.5,0.5,logistic,0.0001,"(5,)","{'MLP__activation': 'logistic', 'MLP__alpha': 0.0001, 'MLP__hidden_layer_sizes': (5,)}",59,0.5,0.5,0.5,0.5,0.5,0.5,0.5,0.5,0.5,0.5,0.004128137147367102,0.0008000254644364732,0.0,0.0
0.025401496887207033,0.0012000083923339843,0.4998173933889539,0.4998175182481752,logistic,0.0001,"(20,)","{'MLP__activation': 'logistic', 'MLP__alpha': 0.0001, 'MLP__hidden_layer_sizes': (20,)}",172,0.5,0.499771897810219,0.5,0.499771897810219,0.49908759124087587,0.5,0.5,0.4997718978102189,0.5,0.4997718978102189,0.0033825128970779747,0.0004001617431640626,0.00036505711470216195,9.12408759124128e-05
0.03320183753967285,0.0012000560760498046,0.5,0.5,logistic,0.0001,"(10, 10)","{'MLP__activation': 'logistic', 'MLP__alpha': 0.0001, 'MLP__hidden_layer_sizes': (10, 10)}",59,0.5,0.5,0.5,0.5,0.5,0.5,0.5,0.5,0.5,0.5,0.004118476926384618,0.0004001379119606201,0.0,0.0
0.05780324935913086,0.0018001556396484374,0.5,0.5,logistic,0.0001,"(5, 5)","{'MLP__activation': 'logistic', 'MLP__alpha': 0.0001, 'MLP__hidden_layer_sizes': (5, 5)}",59,0.5,0.5,0.5,0.5,0.5,0.5,0.5,0.5,0.5,0.5,0.010419795104755911,0.000748353705076902,0.0,0.0
0.07660446166992188,0.0018001079559326171,0.5,0.5,logistic,0.0001,"(20, 20)","{'MLP__activation': 'logistic', 'MLP__alpha': 0.0001, 'MLP__hidden_layer_sizes': (20, 20)}",59,0.5,0.5,0.5,0.5,0.5,0.5,0.5,0.5,0.5,0.5,0.005748456097219725,0.0004000902282460696,0.0,0.0
0.07860441207885742,0.0014001846313476563,0.5,0.5,logistic,0.0001,"(10, 10, 10)","{'MLP__activation': 'logistic', 'MLP__alpha': 0.0001, 'MLP__hidden_layer_sizes': (10, 10, 10)}",59,0.5,0.5,0.5,0.5,0.5,0.5,0.5,0.5,0.5,0.5,0.012290582874155638,0.0004899208473093904,0.0,0.0
0.03360195159912109,0.001200103759765625,0.5,0.5,logistic,0.0001,"(5, 5, 5)","{'MLP__activation': 'logistic', 'MLP__alpha': 0.0001, 'MLP__hidden_layer_sizes': (5, 5, 5)}",59,0.5,0.5,0.5,0.5,0.5,0.5,0.5,0.5,0.5,0.5,0.0044093762582300845,0.00039999486081696955,0.0,0.0
0.08200464248657227,0.0018000125885009766,0.5,0.5,logistic,0.0001,"(20, 20, 20)","{'MLP__activation': 'logistic', 'MLP__alpha': 0.0001, 'MLP__hidden_layer_sizes': (20, 20, 20)}",59,0.5,0.5,0.5,0.5,0.5,0.5,0.5,0.5,0.5,0.5,0.006899604639668956,0.00040004257295020516,0.0,0.0
0.07220406532287597,0.0010001182556152344,0.5349257750924872,0.54171495690567,logistic,3.1622776601683795e-05,"(10,)","{'MLP__activation': 'logistic', 'MLP__alpha': 3.1622776601683795e-05, 'MLP__hidden_layer_sizes': (10,)}",16,0.5405405405405406,0.5068493150684933,0.5096912606036693,0.577407884211579,0.5224649832314066,0.5495481701829817,0.5343673965936739,0.5507519613684889,0.5676196269261963,0.5240174536968071,0.003868053375297908,1.784161275279017e-07,0.019453758148375497,0.024272726835358915
0.024401378631591798,0.0010000705718994141,0.5,0.5,logistic,3.1622776601683795e-05,"(5,)","{'MLP__activation': 'logistic', 'MLP__alpha': 3.1622776601683795e-05, 'MLP__hidden_layer_sizes': (5,)}",59,0.5,0.5,0.5,0.5,0.5,0.5,0.5,0.5,0.5,0.5,0.0022451418267054376,1.9073486328124998e-07,0.0,0.0
0.02980179786682129,0.001400136947631836,0.4998173933889539,0.4998175182481752,logistic,3.1622776601683795e-05,"(20,)","{'MLP__activation': 'logistic', 'MLP__alpha': 3.1622776601683795e-05, 'MLP__hidden_layer_sizes': (20,)}",172,0.5,0.499771897810219,0.5,0.499771897810219,0.49908759124087587,0.5,0.5,0.4997718978102189,0.5,0.4997718978102189,0.0022273425669128203,0.0004898624643296147,0.00036505711470216195,9.12408759124128e-05
0.0378023624420166,0.0016000747680664062,0.5,0.5,logistic,3.1622776601683795e-05,"(10, 10)","{'MLP__activation': 'logistic', 'MLP__alpha': 3.1622776601683795e-05, 'MLP__hidden_layer_sizes': (10, 10)}",59,0.5,0.5,0.5,0.5,0.5,0.5,0.5,0.5,0.5,0.5,0.005153926583549011,0.0004899208473093904,0.0,0.0
0.062403631210327146,0.0012000083923339843,0.5,0.5,logistic,3.1622776601683795e-05,"(5, 5)","{'MLP__activation': 'logistic', 'MLP__alpha': 3.1622776601683795e-05, 'MLP__hidden_layer_sizes': (5, 5)}",59,0.5,0.5,0.5,0.5,0.5,0.5,0.5,0.5,0.5,0.5,0.006741348003058962,0.00040004254453151935,0.0,0.0
0.06280364990234374,0.0016000747680664062,0.5,0.5,logistic,3.1622776601683795e-05,"(20, 20)","{'MLP__activation': 'logistic', 'MLP__alpha': 3.1622776601683795e-05, 'MLP__hidden_layer_sizes': (20, 20)}",59,0.5,0.5,0.5,0.5,0.5,0.5,0.5,0.5,0.5,0.5,0.00337070229685854,0.0004899208473093904,0.0,0.0
0.07600460052490235,0.0018000125885009766,0.5,0.5,logistic,3.1622776601683795e-05,"(10, 10, 10)","{'MLP__activation': 'logistic', 'MLP__alpha': 3.1622776601683795e-05, 'MLP__hidden_layer_sizes': (10, 10, 10)}",59,0.5,0.5,0.5,0.5,0.5,0.5,0.5,0.5,0.5,0.5,0.008438567433784358,0.00040004254453151946,0.0,0.0
0.036402130126953126,0.0010001182556152344,0.5,0.5,logistic,3.1622776601683795e-05,"(5, 5, 5)","{'MLP__activation': 'logistic', 'MLP__alpha': 3.1622776601683795e-05, 'MLP__hidden_layer_sizes': (5, 5, 5)}",59,0.5,0.5,0.5,0.5,0.5,0.5,0.5,0.5,0.5,0.5,0.003441096446060179,9.536743164062499e-08,0.0,0.0
0.08620495796203613,0.0020001888275146484,0.5,0.5,logistic,3.1622776601683795e-05,"(20, 20, 20)","{'MLP__activation': 'logistic', 'MLP__alpha': 3.1622776601683795e-05, 'MLP__hidden_layer_sizes': (20, 20, 20)}",59,0.5,0.5,0.5,0.5,0.5,0.5,0.5,0.5,0.5,0.5,0.0024000843416479957,0.0006324850929980568,0.0,0.0
0.09560556411743164,0.0014000415802001953,0.5349257750924872,0.54171495690567,logistic,1e-05,"(10,)","{'MLP__activation': 'logistic', 'MLP__alpha': 1e-05, 'MLP__hidden_layer_sizes': (10,)}",16,0.5405405405405406,0.5068493150684933,0.5096912606036693,0.577407884211579,0.5224649832314066,0.5495481701829817,0.5343673965936739,0.5507519613684889,0.5676196269261963,0.5240174536968071,0.014292081385855103,0.0004899403160383116,0.019453758148375497,0.024272726835358915
0.036602115631103514,0.0014000892639160155,0.5,0.5,logistic,1e-05,"(5,)","{'MLP__activation': 'logistic', 'MLP__alpha': 1e-05, 'MLP__hidden_layer_sizes': (5,)}",59,0.5,0.5,0.5,0.5,0.5,0.5,0.5,0.5,0.5,0.5,0.006560840877243316,0.0004899987222241536,0.0,0.0
0.039002275466918944,0.0020000457763671873,0.4998173933889539,0.4998175182481752,logistic,1e-05,"(20,)","{'MLP__activation': 'logistic', 'MLP__alpha': 1e-05, 'MLP__hidden_layer_sizes': (20,)}",172,0.5,0.499771897810219,0.5,0.499771897810219,0.49908759124087587,0.5,0.5,0.4997718978102189,0.5,0.4997718978102189,0.0008944156943530157,9.536743164062499e-08,0.00036505711470216195,9.12408759124128e-05
0.049402904510498044,0.001399993896484375,0.5,0.5,logistic,1e-05,"(10, 10)","{'MLP__activation': 'logistic', 'MLP__alpha': 1e-05, 'MLP__hidden_layer_sizes': (10, 10)}",59,0.5,0.5,0.5,0.5,0.5,0.5,0.5,0.5,0.5,0.5,0.003382464961239871,0.0004899792418945042,0.0,0.0
0.07680439949035645,0.0012000560760498046,0.5,0.5,logistic,1e-05,"(5, 5)","{'MLP__activation': 'logistic', 'MLP__alpha': 1e-05, 'MLP__hidden_layer_sizes': (5, 5)}",59,0.5,0.5,0.5,0.5,0.5,0.5,0.5,0.5,0.5,0.5,0.005845013649085373,0.000400018706226792,0.0,0.0
0.06440372467041015,0.0014000892639160155,0.5,0.5,logistic,1e-05,"(20, 20)","{'MLP__activation': 'logistic', 'MLP__alpha': 1e-05, 'MLP__hidden_layer_sizes': (20, 20)}",59,0.5,0.5,0.5,0.5,0.5,0.5,0.5,0.5,0.5,0.5,0.01065148045129654,0.0004899987222241536,0.0,0.0
0.06800408363342285,0.0022001266479492188,0.5,0.5,logistic,1e-05,"(10, 10, 10)","{'MLP__activation': 'logistic', 'MLP__alpha': 1e-05, 'MLP__hidden_layer_sizes': (10, 10, 10)}",59,0.5,0.5,0.5,0.5,0.5,0.5,0.5,0.5,0.5,0.5,0.005020289733224493,0.0014698403962180517,0.0,0.0
0.03980221748352051,0.0016002655029296875,0.5,0.5,logistic,1e-05,"(5, 5, 5)","{'MLP__activation': 'logistic', 'MLP__alpha': 1e-05, 'MLP__hidden_layer_sizes': (5, 5, 5)}",59,0.5,0.5,0.5,0.5,0.5,0.5,0.5,0.5,0.5,0.5,0.0025614997049432007,0.0004898819678685542,0.0,0.0
0.07000408172607422,0.001200103759765625,0.5,0.5,logistic,1e-05,"(20, 20, 20)","{'MLP__activation': 'logistic', 'MLP__alpha': 1e-05, 'MLP__hidden_layer_sizes': (20, 20, 20)}",59,0.5,0.5,0.5,0.5,0.5,0.5,0.5,0.5,0.5,0.5,0.008149088078381007,0.00039999486081696955,0.0,0.0
